source,label,accession,organism,sequence,length,motif,GLP1R,GIPR,GCGR,agonist_type,cAMP_pEC50,barr_pEC50,bias_ratio,notes,EC50_T1,EC50_LOG_T1,EC50_T2,EC50_LOG_T2,status
UniProt,Glucagon_ortholog,P05110,Cavia porcellus (Guinea pig),HSQGTFTSDYSKYLDSRRAQQFLKWLLNV,29,HSQGTFT,0,0,1,mono,,,,GCG_mammals,,,,,
UniProt,Glucagon_ortholog,P22890,Octodon degus (Degu) (Sciurus degus),HSQGTFTSDYSKFLDTRRAQDFLDWLKNT,29,HSQGTFT,0,0,1,mono,,,,GCG_mammals,,,,,
UniProt,Glucagon_ortholog,A0A8C6G1Q6,Moschus moschiferus (Siberian musk deer) (Moschus sibiricus),HSQGTFTSDYSKYLDSRRAQDFVHWLMNT,29,HSQGTFT,0,0,1,mono,,,,GCG_mammals,,,,,
UniProt,Glucagon_ortholog,G3QHC4,Gorilla gorilla gorilla (Western lowland gorilla),HSQGTFTSDYSKYLDSRRAQDFVQWLMNN,29,HSQGTFT,0,0,1,mono,,,,GCG_mammals,,,,,
UniProt,Glucagon_ortholog,G3WZV7,Sarcophilus harrisii (Tasmanian devil) (Sarcophilus laniarius),HSQGTFTSDYSKYLDSRRAQDFVQWLMST,29,HSQGTFT,0,0,1,mono,,,,GCG_mammals,,,,,
UniProt,Glucagon_ortholog,A0A1L3MY50,Ornithorhynchus anatinus (Duckbill platypus),HSQGTFTSDYSKHLDAIRAKQFVDWLMNY,29,HSQGTFT,0,0,1,mono,,,,GCG_mammals,,,,,
UniProt,GLP1_ortholog,A0A1L3MY50,Ornithorhynchus anatinus (Duckbill platypus),HSEGTFTNDVTRLLEEKATSEFIAWLLKGL,30,HSEGTFT,1,0,0,dual,,,,GCG_mammals,,,,,
UniProt,Glucagon_ortholog,A0A8C2UNV1,Chinchilla lanigera (Long-tailed chinchilla) (Chinchilla villidera),HSQGTFTSDYSKHLDSRYAQEFVQWLMNT,29,HSQGTFT,0,0,1,mono,,,,GCG_mammals,,,,,
UniProt,Glucagon_ortholog,A0A8C5KW55,Jaculus jaculus (Lesser Egyptian jerboa),HSQGTFTSDYSKYLDSRRAQDFVQWLMNA,29,HSQGTFT,0,0,1,mono,,,,GCG_mammals,,,,,
UniProt,Glucagon_ortholog,G1QG18,Myotis lucifugus (Little brown bat),HSQGTFTSDYSKYLDTRRAQDFVEWLMTS,29,HSQGTFT,0,0,1,mono,,,,GCG_mammals,,,,,
UniProt,GLP1_ortholog,G1QG18,Myotis lucifugus (Little brown bat),HSEGTFTSDLSSYLEGKATKEFIAWLVKGL,30,HSEGTFT,1,0,0,dual,,,,GCG_mammals,,,,,
UniProt,GIP_ortholog,P48756,Mus musculus (Mouse),YAEGTFISDYSIAMDKIRQQDFVNWLLAQRGKKSDWKHNITQ,42,YAEGTFI,0,1,0,mono,,,,GIP_mammals,,,,,
UniProt,GIP_ortholog,Q06145,Rattus norvegicus (Rat),YAEGTFISDYSIAMDKIRQQDFVNWLLAQKGKKNDWKHNLTQ,42,YAEGTFI,0,1,0,mono,,,,GIP_mammals,,,,,
UniProt,GIP_ortholog,F1MQC0,Bos taurus (Bovine),YAEGTFISDYSIAMDKIRQQDFVNWLLAQKGKKSDWIHNITQ,42,YAEGTFI,0,1,0,mono,,,,GIP_mammals,,,,,
UniProt,GIP_ortholog,A0A1S3GZA1,Dipodomys ordii (Ord's kangaroo rat),YAEGTFISDYSIAMDKIRQQDFVNWLLAQKGRKNDWKHNITQ,42,YAEGTFI,0,1,0,mono,,,,GIP_mammals,,,,,
UniProt,GIP_ortholog,A0A341BFS7,Neophocaena asiaeorientalis asiaeorientalis (Yangtze finless porpoise) (Neophocaena phocaenoides subsp. asiaeorientalis),YAEGTFISDYSIAMDKIRQQDFVNWLLAQKGKKSDWKHNITQ,42,YAEGTFI,0,1,0,mono,,,,GIP_mammals,,,,,
UniProt,GIP_ortholog,A0A8B6Y7T4,Camelus ferus (Wild bactrian camel) (Camelus bactrianus ferus),YAEGTFISDYSIAMDKIRQQDFVNWLLAQKGKKGDWKHNITQ,42,YAEGTFI,0,1,0,mono,,,,GIP_mammals,,,,,
UniProt,GIP_ortholog,A0A8C3YWC4,Catagonus wagneri (Chacoan peccary),YAEGTFISDYSIAMDKIRQQDFVNWLLAQKGRKSDWKHNITQ,42,YAEGTFI,0,1,0,mono,,,,GIP_mammals,,,,,
UniProt,GIP_ortholog,A0A8D2GWV4,Urocitellus parryii (Arctic ground squirrel) (Spermophilus parryii),YAEGTFISDYSIAMDKIHQQDFVNWLLAQKGKKNNWKHNITQ,42,YAEGTFI,0,1,0,mono,,,,GIP_mammals,,,,,
UniProt,GIP_ortholog,A0A1U7SPF7,Carlito syrichta (Philippine tarsier) (Tarsius syrichta),YAEGTFISDYSIAMDKIRQQDFVNWLLAQKGKKNHWKHNITQ,42,YAEGTFI,0,1,0,mono,,,,GIP_mammals,,,,,
UniProt,GIP_ortholog,A0A8C5K791,Jaculus jaculus (Lesser Egyptian jerboa),YAEGTFISDYSIAMDKIRQQDFVNWLLAQKGKKNDWKHNITQ,42,YAEGTFI,0,1,0,mono,,,,GIP_mammals,,,,,
UniProt,GIP_ortholog,G1PJ19,Myotis lucifugus (Little brown bat),YAEGTFISDYSIAMDKIRQQDFVDWLLAQKGKKNDWKHNITQ,42,YAEGTFI,0,1,0,mono,,,,GIP_mammals,,,,,
UniProt,GIP_ortholog,A0A2Y9EUV2,Physeter macrocephalus (Sperm whale) (Physeter catodon),YAEGTFISDYSIAMDKIRQQDFVNWLLAQKGKKSNWKHNITQ,42,YAEGTFI,0,1,0,mono,,,,GIP_mammals,,,,,
UniProt,GIP_ortholog,H0W5W9,Cavia porcellus (Guinea pig),YAEGTFISDYSIAMDKIRQQDFVNWLLAQKGKKGDWSHNLTQ,42,YAEGTFI,0,1,0,mono,,,,GIP_mammals,,,,,
UniProt,GIP_ortholog,G1SLR3,Oryctolagus cuniculus (Rabbit),YAEGTFISDYSIAMDKIRQQDFVNWLLAQKGRKSDWRHNLTQ,42,YAEGTFI,0,1,0,mono,,,,GIP_mammals,,,,,
UniProt,GIP_ortholog,A0A6I9KVN1,Peromyscus maniculatus bairdii (Prairie deer mouse),YAEGTFISDYSIALDKIRQQDFVNWLLAQKGKKNDWKHNITQ,42,YAEGTFI,0,1,0,mono,,,,GIP_mammals,,,,,
UniProt,GIP_ortholog,A0A671GC70,Rhinolophus ferrumequinum (Greater horseshoe bat),YAEGTFISDYSIAMDKIRQQDFVNWLLAQKGKKNAWKHNITQ,42,YAEGTFI,0,1,0,mono,,,,GIP_mammals,,,,,
UniProt,GIP_ortholog,A0A1S3A678,Erinaceus europaeus (Western European hedgehog),YAEGTLFSDYSIAMDKIRQQDFVNWLLAQKGKKNDWKHNLTQ,42,YAEGT,0,1,0,mono,,,,GIP_mammals,,,,,
UniProt,GIP_ortholog,A0A3Q7N855,Callorhinus ursinus (Northern fur seal),YAEGTFISDYSIAMDKVRQQDFVNWLLAQKGKKNNWKHNITQ,42,YAEGTFI,0,1,0,mono,,,,GIP_mammals,,,,,
UniProt,GIP_ortholog,A0A2U3VK41,Odobenus rosmarus divergens (Pacific walrus),YAEGTFISDYSIAMDKVRQQDFVNWLLAQKGKKNTWKHNITQ,42,YAEGTFI,0,1,0,mono,,,,GIP_mammals,,,,,
UniProt,GIP_ortholog,A0A6P3RPT0,Pteropus vampyrus (Large flying fox),YAEGTFISDYSIAMDKIRQQDFVNWLLAQKGKKNDSLPKKPS,42,YAEGTFI,0,1,0,mono,,,,GIP_mammals,,,,,
UniProt,GIP_ortholog,A0ABM1AWG7,Microtus ochrogaster (Prairie vole),YAEGTLISDYSILMDKIRQHEFVNWLLAQKGKKINWKHNITQ,42,YAEGT,0,1,0,mono,,,,GIP_mammals,,,,,
UniProt,GIP_ortholog,A0A2Y9DQ65,Trichechus manatus latirostris (Florida manatee),YAEGTFISDYSIAMDKIRQQDFVNWLLAQKGKKKDWKHNITQ,42,YAEGTFI,0,1,0,mono,,,,GIP_mammals,,,,,
UniProt,GIP_ortholog,A0A6P5L8S5,Phascolarctos cinereus (Koala),YAEGTFISDYSITMDKIMQQDFVNWLLSQKGKKNNWRHNITE,42,YAEGTFI,0,1,0,mono,,,,GIP_mammals,,,,,
UniProt,GIP_ortholog,A0A8D2KAK6,Theropithecus gelada (Gelada baboon),YAEGTFISDYSIAMDKIHQQDFVNWLLAQKGKKNDWKHNITH,42,YAEGTFI,0,1,0,mono,,,,GIP_mammals,,,,,
UniProt,GIP_ortholog,A0A9B0T5S2,Chrysochloris asiatica (Cape golden mole),YAEGTFISDYSITMDKIRQQDFVNWLLAQKGKKNDWKHNITQ,42,YAEGTFI,0,1,0,mono,,,,GIP_mammals,,,,,
UniProt,GIP_ortholog,A0A8B7R0H3,Hipposideros armiger (Great Himalayan leaf-nosed bat),YAEGTFISDYSIAMDKIRQQDFVNWLLAQKEKKNAWKHNITQ,42,YAEGTFI,0,1,0,mono,,,,GIP_mammals,,,,,
UniProt,GIP_ortholog,A0AAU9YKX7,Phodopus roborovskii (Roborovski's desert hamster) (Cricetulus roborovskii),YAEGTFISDYSIALDKIRQQEFVNWLLAQKGKKNEWKHNITQ,42,YAEGTFI,0,1,0,mono,,,,GIP_mammals,,,,,
UniProt,GLP1_ortholog,P68259,Gallus gallus (Chicken),HADGTFTSDINKILDDMAAKEFLKWLINTK,30,HADGTFT,1,0,0,dual,,,,GCG_birds,,,,,
UniProt,Glucagon_ortholog,A0A672VDA3,Strigops habroptila (Kakapo),HSQGTFTSDYSKYLDTRRAQDFVQWLMST,29,HSQGTFT,0,0,1,mono,,,,GCG_birds,,,,,
UniProt,GLP1_ortholog,A0A672VDA3,Strigops habroptila (Kakapo),HADGTFTSDINKVLDDMAAKEFLKWLINTK,30,HADGTFT,1,0,0,dual,,,,GCG_birds,,,,,
UniProt,Glucagon_ortholog,A0A6I9HBH1,Geospiza fortis (Medium ground-finch),HSQGTFTSDYTKYLDTRRAQDFVQWLMST,29,HSQGTFT,0,0,1,mono,,,,GCG_birds,,,,,
UniProt,GLP1_ortholog,U3IS24,Anas platyrhynchos platyrhynchos (Northern mallard),HAEGTYTSDITSYLEGQAAKEFIAWLVNGR,30,HAEGTYT,1,0,0,dual,,,,GCG_birds,,,,,
UniProt,GLP1_ortholog,A0A2I0MIP2,Columba livia (Rock dove),HADGTFTSDINKVLDDMATKEFLKWLINTK,30,HADGTFT,1,0,0,dual,,,,GCG_birds,,,,,
UniProt,GLP1_ortholog,A0A7K6RRK3,Rhynochetos jubatus (kagu),HADGTFTSDINKLLDDMATKEFLKWLINTK,30,HADGTFT,1,0,0,dual,,,,GCG_birds,,,,,
UniProt,Glucagon_ortholog,A0A7K8WZ42,Sclerurus mexicanus (tawny-throated leaftosser),HSQGTFTSDYTKYLDTIRAQDFVQWLMST,29,HSQGTFT,0,0,1,mono,,,,GCG_birds,,,,,
UniProt,GLP1_ortholog,A0A7L1YSG4,Scytalopus superciliaris,HADGTFTSDINKVLDDIAAKEFLKWLINTK,30,HADGTFT,1,0,0,dual,,,,GCG_birds,,,,,
UniProt,GLP1_ortholog,A0A851NQZ1,Penelope pileata,HADGTFTSDMNKILDDMAAKEFLKWLINTK,30,HADGTFT,1,0,0,dual,,,,GCG_birds,,,,,
UniProt,GLP1_ortholog,A0A851PIY2,Anhinga anhinga (Anhinga) (Plotus anhinga),HADGTFTSDINKVLDDMAAREFLKWLINTK,30,HADGTFT,1,0,0,dual,,,,GCG_birds,,,,,
UniProt,GLP1_ortholog,A0A7K6YBD9,Alca torda (Razorbill),HADGTFTSDINKVLDDMAAQEFLKWLINTK,30,HADGTFT,1,0,0,dual,,,,GCG_birds,,,,,
UniProt,GLP1_ortholog,A0A7K6AM12,Upupa epops (Eurasian hoopoe),HADGTFTSDINKVLDDMAAKEFLKWLINAK,30,HADGTFT,1,0,0,dual,,,,GCG_birds,,,,,
UniProt,GLP1_ortholog,A0A7K7BU90,Aphelocoma coerulescens (Florida scrub-jay) (Corvus coerulescens),HADGTFTSDINKLLDDMAAKEFLKWLINTK,30,HADGTFT,1,0,0,dual,,,,GCG_birds,,,,,
UniProt,Glucagon_ortholog,A0A7L3N0Z4,Oreotrochilus melanogaster,HSQGTFTSDYSKYLDTRRAQDFVQWLMSS,29,HSQGTFT,0,0,1,mono,,,,GCG_birds,,,,,
UniProt,GLP1_ortholog,A0A7L4JKA8,Ceuthmochares aereus,HADGTFTSDINKVLDDIAAKEFLNWLINTR,30,HADGTFT,1,0,0,dual,,,,GCG_birds,,,,,
UniProt,GLP1_ortholog,A0A7K8U374,Oceanites oceanicus (Wilson's storm petrel) (Procellaria oceanica),HADGTFTSDINKVLDDMAAKDFLKWLINTK,30,HADGTFT,1,0,0,dual,,,,GCG_birds,,,,,
UniProt,GLP1_ortholog,A0A7L2UEJ9,Balaeniceps rex (Shoebill),HADGTFTSDINKVLDDMAAKEFLKWLMNTK,30,HADGTFT,1,0,0,dual,,,,GCG_birds,,,,,
UniProt,GLP1_ortholog,A0A1V4K6H1,Patagioenas fasciata monilis,HADGTFTSDINKVLDDMATKDFLKWLINTK,30,HADGTFT,1,0,0,dual,,,,GCG_birds,,,,,
UniProt,GLP1_ortholog,A0A7K5YA66,Pterocles burchelli,HADGTFTSDINKVLDDMAAKEFLKWLINIK,30,HADGTFT,1,0,0,dual,,,,GCG_birds,,,,,
UniProt,Glucagon_ortholog,A0A7K9KK87,Dicaeum eximium,HSQGTFTSDYTKYLDTRRAQDFVQWLMNT,29,HSQGTFT,0,0,1,mono,,,,GCG_birds,,,,,
UniProt,GLP1_ortholog,A0A7L1LZI3,Bombycilla garrulus (Bohemian waxwing) (Lanius garrulus),HADGTFTNDINKVLDDMAAKEFLKWLINTK,30,HADGTFT,1,0,0,dual,,,,GCG_birds,,,,,
UniProt,Glucagon_ortholog,A0A7L4L6P9,Callaeas wilsoni (North Island kokako),HSQGTFTSDYTKYLDNRRAQDFVQWLMST,29,HSQGTFT,0,0,1,mono,,,,GCG_birds,,,,,
UniProt,Glucagon_ortholog,A0A218UDQ3,Lonchura striata (white-rumped munia),HSEGTFTSDFTRYLDRMKAKDFVHWLINT,29,HSEGTFT,0,0,1,mono,,,,GCG_birds,,,,,
UniProt,GLP1_ortholog,A0A218UDQ3,Lonchura striata (white-rumped munia),HSEGTFTSDFTRYLDRMKAKDFVHWLINTK,30,HSEGTFT,1,0,0,dual,,,,GCG_birds,,,,,
UniProt,Glucagon_ortholog,A0A7K4JVV6,Crypturellus soui,HSQGTFTSDYSKYLDTRRAQDFVQHLMST,29,HSQGTFT,0,0,1,mono,,,,GCG_birds,,,,,
UniProt,Glucagon_ortholog,O12956,Heloderma suspectum (Gila monster),HSQGTFTSDYSKYLDTRRAQDFVQWLMNT,29,HSQGTFT,0,0,1,mono,,,,GCG_reptiles,,,,,
UniProt,GLP1_ortholog,O12956,Heloderma suspectum (Gila monster),HADGTFTSDYNQLLDDIATQEFLKWLINQK,30,HADGTFT,1,0,0,dual,,,,GCG_reptiles,,,,,
UniProt,GLP1_ortholog,A0A8D0HEM0,Sphenodon punctatus (Tuatara) (Hatteria punctata),HADGTFTSDINKVLDDMAAKEFIEWLINTK,30,HADGTFT,1,0,0,dual,,,,GCG_reptiles,,,,,
UniProt,Glucagon_ortholog,A0A670IXF6,Podarcis muralis (Wall lizard) (Lacerta muralis),HSQGTFTSDYSKYLDTIRAQDFVQWLMNT,29,HSQGTFT,0,0,1,mono,,,,GCG_reptiles,,,,,
UniProt,GLP1_ortholog,A0A670IXF6,Podarcis muralis (Wall lizard) (Lacerta muralis),HADGTFTSDISSYLESQAAKEFIAWLANGG,30,HADGTFT,1,0,0,dual,,,,GCG_reptiles,,,,,
UniProt,Glucagon_ortholog,A0A2R9ZKD9,Gekko japonicus (Schlegel's Japanese gecko),HSQGTFTSDYSKFLDTRRAQDFVEWLMSS,29,HSQGTFT,0,0,1,mono,,,,GCG_reptiles,,,,,
UniProt,Glucagon_ortholog,A0A384TVE5,Diploderma polygonatum,HSQGTFTSDYSKFLDTRRAQDFVQWLMNT,29,HSQGTFT,0,0,1,mono,,,,GCG_reptiles,,,,,
UniProt,GLP1_ortholog,A0A384TVE5,Diploderma polygonatum,HADGTFTSDYNKLLDDMATQEFLKWLINQK,30,HADGTFT,1,0,0,dual,,,,GCG_reptiles,,,,,
UniProt,GLP1_ortholog,A0A384TVE6,Elaphe climacophora (Japanese rat snake) (Coluber climacophorus),HADGTFTSDYNKLLDDIATQEFLKWLINQK,30,HADGTFT,1,0,0,dual,,,,GCG_reptiles,,,,,
UniProt,GLP1_ortholog,A0A384UJH5,Varanus exanthematicus (Savannah monitor lizard) (Lacerta exanthematica),HADGTFTSEYYKILDEMATQEFLKWLLNQK,30,HADGTFT,1,0,0,dual,,,,GCG_reptiles,,,,,
UniProt,Glucagon_ortholog,A0A2R9ZJ45,Eublepharis macularius (Leopard gecko) (Cyrtodactylus macularius),HSQGTFTSDYSKFLDTIRAQDFVEWLMTS,29,HSQGTFT,0,0,1,mono,,,,GCG_reptiles,,,,,
UniProt,GLP1_ortholog,A0A2S0D6T0,Cordylus tropidosternum,HADGTFTSDYNKLLDDMAAQEFLKWLMNSK,30,HADGTFT,1,0,0,dual,,,,GCG_reptiles,,,,,
UniProt,Glucagon_ortholog,A0A384U0F8,Varanus exanthematicus (Savannah monitor lizard) (Lacerta exanthematica),HSQGTFTSDYSKYLDMRRAQDFVQWLMNT,29,HSQGTFT,0,0,1,mono,,,,GCG_reptiles,,,,,
UniProt,Glucagon_ortholog,A0A6I9Y7R3,Thamnophis sirtalis,HSQGTFTSDYSKYLDTRRAQDFVEWLMNT,29,HSQGTFT,0,0,1,mono,,,,GCG_reptiles,,,,,
UniProt,GLP1_ortholog,A0A6J0U071,Pogona vitticeps (central bearded dragon),HADGTFTSDYNKLLDDLATQEFLKWLINQK,30,HADGTFT,1,0,0,dual,,,,GCG_reptiles,,,,,
UniProt,Glucagon_ortholog,P15438,Aquarana catesbeiana (American bullfrog) (Rana catesbeiana),HSQGTFTSDYSKYLDSRRAQDFVQWLMNS,29,HSQGTFT,0,0,1,mono,,,,GCG_amphibians,,,,,
UniProt,GLP1_ortholog,P15438,Aquarana catesbeiana (American bullfrog) (Rana catesbeiana),HADGTFTSDMSSYLEEKAAKEFVDWLIKGR,30,HADGTFT,1,0,0,dual,,,,GCG_amphibians,,,,,
UniProt,GLP1_ortholog,B7ZQU9,Xenopus laevis (African clawed frog),HAEGTFTSDVTQQLDEKAAKEFIDWLINGG,30,HAEGTFT,1,0,0,dual,,,,GCG_amphibians,,,,,
UniProt,Glucagon_ortholog,A0A6P7YL73,Microcaecilia unicolor,HSQGTFTSDYSKYLDNKKAQEFVNWLMNN,29,HSQGTFT,0,0,1,mono,,,,GCG_amphibians,,,,,
UniProt,Glucagon_ortholog,A0A6P8RE26,Geotrypetes seraphini (Gaboon caecilian) (Caecilia seraphini),HSQGTFTSDYSKYLENKKAQEFISWLIKN,29,HSQGTFT,0,0,1,mono,,,,GCG_amphibians,,,,,
UniProt,GLP1_ortholog,A0A6P8RE26,Geotrypetes seraphini (Gaboon caecilian) (Caecilia seraphini),HADGTFTSDLSIYLQNQAVKRFVEWLLSSE,30,HADGTFT,1,0,0,dual,,,,GCG_amphibians,,,,,
UniProt,Glucagon_ortholog,A0A8C5R4V5,Leptobrachium leishanense (Leishan spiny toad),HSQGTFTSDYSKYLDSRRTQDFVQWLMNS,29,HSQGTFT,0,0,1,mono,,,,GCG_amphibians,,,,,
UniProt,GLP1_ortholog,A0A8C5R4V5,Leptobrachium leishanense (Leishan spiny toad),HAEGTFTNDMSNFLEEKAAKEFVDWLIKGR,30,HAEGTFT,1,0,0,dual,,,,GCG_amphibians,,,,,
UniProt,Glucagon_ortholog,A0A8J0SXW1,Xenopus tropicalis (Western clawed frog) (Silurana tropicalis),HSQGTFTSDYSKYLDSRRAQDFIQWLMNT,29,HSQGTFT,0,0,1,mono,,,,GCG_amphibians,,,,,
UniProt,GLP1_ortholog,A0A8J0SXW1,Xenopus tropicalis (Western clawed frog) (Silurana tropicalis),HAEGTFTSDVTQHLDEKAAKEFIDWLINGG,30,HAEGTFT,1,0,0,dual,,,,GCG_amphibians,,,,,
UniProt,GLP1_ortholog,P09686,Myoxocephalus scorpius (Shorthorn sculpin) (Cottus scorpius),HADGTFTSDVSSYLNDQAIKDFVAKLKSGK,30,HADGTFT,1,0,0,dual,,,,GCG_fish,,,,,
UniProt,GLP1_ortholog,P79695,Carassius auratus (Goldfish),HAEGTYTSDISSFLRDQAAQNFVAWLKSGQ,30,HAEGTYT,1,0,0,dual,,,,GCG_fish,,,,,
UniProt,GLP1_ortholog,A0A8D2ZE72,Scophthalmus maximus (Turbot) (Psetta maxima),HADGTFTSDVSSYLKDQALKDFVARLKSGQ,30,HADGTFT,1,0,0,dual,,,,GCG_fish,,,,,
UniProt,GLP1_ortholog,A0A3Q1I416,Anabas testudineus (Climbing perch) (Anthias testudineus),HADGTFTSDVSSYLKDQAIKDFVARLKSGQ,30,HADGTFT,1,0,0,dual,,,,GCG_fish,,,,,
UniProt,GLP1_ortholog,F1RD10,Danio rerio (Zebrafish) (Brachydanio rerio),HAEGTYTSDVSSYLQDQAAQSFVAWLKSGQ,30,HAEGTYT,1,0,0,dual,,,,GCG_fish,,,,,
UniProt,GLP1_ortholog,A0A667XLC6,Myripristis murdjan (pinecone soldierfish),HADGTFTSDVSSYLQDQAVKDFVARLKSGQ,30,HADGTFT,1,0,0,dual,,,,GCG_fish,,,,,
UniProt,GLP1_ortholog,A0A674F1M7,Salmo trutta (Brown trout),HAEGTYTSDVSSYLQDQAAKEFVSWLKNGR,30,HAEGTYT,1,0,0,dual,,,,GCG_fish,,,,,
UniProt,Glucagon_ortholog,A0A8C9RXL2,Scleropages formosus (Asian bonytongue) (Osteoglossum formosum),HSQGTFTNDYSKYLETRRAQDFVQWLMNS,29,HSQGTFT,0,0,1,mono,,,,GCG_fish,,,,,
UniProt,GLP1_ortholog,A0A8C9RXL2,Scleropages formosus (Asian bonytongue) (Osteoglossum formosum),HAEGTYTSDMSSYLQDQAAKEFVSWLKMGR,30,HAEGTYT,1,0,0,dual,,,,GCG_fish,,,,,
UniProt,GLP1_ortholog,A0A673YLP5,Salmo trutta (Brown trout),HAEGTYTSDVSSYLQDQAAKEFVSWLKNSR,30,HAEGTYT,1,0,0,dual,,,,GCG_fish,,,,,
UniProt,GLP1_ortholog,A0A671YGN8,Sparus aurata (Gilthead sea bream),HADGTFTSDVSSYLKDQLIKDFVARLKSGQ,30,HADGTFT,1,0,0,dual,,,,GCG_fish,,,,,
UniProt,GLP1_ortholog,A0A3B5N1H6,Xiphophorus couchianus (Monterrey platyfish),HADGTFTSDVSSYLKDQAIKDFVAQLKSGQ,30,HADGTFT,1,0,0,dual,,,,GCG_fish,,,,,
UniProt,GLP1_ortholog,H2LC36,Oryzias latipes (Japanese rice fish) (Japanese killifish),HADGTFTSDVSAYLKEQAIKDFVAKLKSGQ,30,HADGTFT,1,0,0,dual,,,,GCG_fish,,,,,
UniProt,Glucagon_ortholog,A0A8C4S0Y6,Erpetoichthys calabaricus (Rope fish) (Calamoichthys calabaricus),HSQGTFTNDYTKYQDSRRAQDFVQWLMSN,29,HSQGTFT,0,0,1,mono,,,,GCG_fish,,,,,
UniProt,Glucagon_ortholog,A0A8J7NYT8,Atractosteus spatula (Alligator gar) (Lepisosteus spatula),HSQGTFTNDYSKYLDTRRAQDFVQWLMST,29,HSQGTFT,0,0,1,mono,,,,GCG_fish,,,,,
UniProt,Glucagon_ortholog,A0AAD8DAH2,Acipenser oxyrinchus oxyrinchus,HSQGTFTNEYNKYLEAKHAQEFVQWLIKP,29,HSQGTFT,0,0,1,mono,,,,GCG_fish,,,,,
UniProt,Glucagon_ortholog,A0AAD8DAS0,Acipenser oxyrinchus oxyrinchus,HSQGTFTNEYNKYMEAKHAQEFVQKLIKP,29,HSQGTFT,0,0,1,mono,,,,GCG_fish,,,,,
UniProt,GLP1_ortholog,P01278,Lophius americanus (American angler) (Anglerfish),HADGTFTSDVSSYLKDQAIKDFVDRLKAGQ,30,HADGTFT,1,0,0,dual,,,,GCG_name,,,,,
UniProt,Glucagon_ortholog,P09567,Torpedo marmorata (Marbled electric ray),HSEGTFTSDYSKYLDNRRAKDFVQWLMNT,29,HSEGTFT,0,0,1,mono,,,,GCG_name,,,,,
UniProt,Glucagon_ortholog,Q9PUR1,Petromyzon marinus (Sea lamprey),HSEGTFTSDYSKYLENKQAKDFVRWLMNA,29,HSEGTFT,0,0,1,mono,,,,GCG_name,,,,,
UniProt,GLP1_ortholog,Q9PUR1,Petromyzon marinus (Sea lamprey),HSEGTFTSDYSKYLENKQAKDFVRWLMNAK,30,HSEGTFT,1,0,0,dual,,,,GCG_name,,,,,
UniProt,Glucagon_ortholog,P09687,Scyliorhinus canicula (Small-spotted catshark) (Squalus canicula),HSEGTFTSDYSKYMDNRRAKDFVQWLMST,29,HSEGTFT,0,0,1,mono,,,,GCG_name,,,,,
UniProt,GLP1_ortholog,P09687,Scyliorhinus canicula (Small-spotted catshark) (Squalus canicula),HSEGTFTSDYSKYMDNRRAKDFVQWLMSTK,30,HSEGTFT,1,0,0,dual,,,,GCG_name,,,,,
UniProt,Glucagon_ortholog,P33528,Amia calva (Bowfin),HSQGTFTNDYSKYMDTRRAQDFVQWLMST,29,HSQGTFT,0,0,1,mono,,,,GCG_name,,,,,
UniProt,GLP1_ortholog,P63295,Anguilla rostrata (American eel) (Muraena rostrata),HAEGTYTSDVSSYLQDQAAKEFVSWLKTGR,30,HAEGTYT,1,0,0,dual,,,,GCG_name,,,,,
UniProt,GLP1_ortholog,A0A8D0EEM8,Salvator merianae (Argentine black and white tegu) (Tupinambis merianae),HADGTFTSDYNKLLDEMATQEFLKWLINHK,30,HADGTFT,1,0,0,dual,,,,GCG_name,,,,,
UniProt,GLP1_ortholog,A0A674KIE7,Terrapene triunguis (Three-toed box turtle),HADGTFTSDINKILDDMATKEFLKWLINTK,30,HADGTFT,1,0,0,dual,,,,GCG_name,,,,,
UniProt,GLP1_ortholog,A0A8C0GF28,Chelonoidis abingdonii (Abingdon island giant tortoise) (Testudo abingdonii),HADGTFTSDINKILDEMTAKDFLKWLINTK,30,HADGTFT,1,0,0,dual,,,,GCG_name,,,,,
UniProt,GLP1_ortholog,K7FV67,Pelodiscus sinensis (Chinese softshell turtle) (Trionyx sinensis),HADGTFTSDFNKILDDMAAKEFLKWLINTK,30,HADGTFT,1,0,0,dual,,,,GCG_name,,,,,
UniProt,GLP1_ortholog,Q6RYB5,Neoceratodus forsteri (Australian lungfish) (Ceratodus forsteri),HAEGTYTSDISSYLEGQAANEFVRWLLKGR,30,HAEGTYT,1,0,0,dual,,,,GCG_name,,,,,
UniProt,GLP1_ortholog,Q8UWL9,Hoplobatrachus rugulosus (Chinese edible frog) (Rana rugulosa),HAEGTFTSDMTSYLEEKAAKEFVDWLIKGR,30,HAEGTFT,1,0,0,dual,,,,GCG_name,,,,,
UniProt,GLP1_ortholog,Q6RYB6,Protopterus dolloi (Slender lungfish),HAEGTYTSDISSYLEGQAVNEFIRWLMKGR,30,HAEGTYT,1,0,0,dual,,,,GCG_name,,,,,
UniProt,GLP1_ortholog,A0A091JCW1,Egretta garzetta (Little egret),HADGTFTSDINKVLDDMATKEFLKWLINTR,30,HADGTFT,1,0,0,dual,,,,GCG_name,,,,,
UniProt,Glucagon_ortholog,L5LRQ3,Myotis davidii (David's myotis),HSQGTFTSDYSKYLDAKRAQDFVEWLMTS,29,HSQGTFT,0,0,1,mono,,,,GCG_name,,,,,
UniProt,GLP1_ortholog,L5LRQ3,Myotis davidii (David's myotis),HSEGTFTSDFSSYLDGKAAKEFVAWLVKSL,30,HSEGTFT,1,0,0,dual,,,,GCG_name,,,,,
UniProt,GLP1_ortholog,A0A091SRN1,Pelecanus crispus (Dalmatian pelican),HADGTFTSDINKVLDDIAAKEFLKWLMNTK,30,HADGTFT,1,0,0,dual,,,,GCG_name,,,,,
UniProt,Glucagon_ortholog,A0A7J7WHB7,Myotis myotis (Greater mouse-eared bat) (Vespertilio myotis),HSQGTFTSDYSKYLDARRAQDFVEWLMTS,29,HSQGTFT,0,0,1,mono,,,,GCG_name,,,,,
UniProt,GLP1_ortholog,A0A7J7WHB7,Myotis myotis (Greater mouse-eared bat) (Vespertilio myotis),HSEGTFTSDFSSYLEGKAAKEFIAWLVKGL,30,HSEGTFT,1,0,0,dual,,,,GCG_name,,,,,
UniProt,Glucagon_ortholog,A0A7J7XUQ7,Pipistrellus kuhlii (Kuhl's pipistrelle),HSQGTFTSDYSKYLDSRRAQDFVEWLMNT,29,HSQGTFT,0,0,1,mono,,,,GCG_name,,,,,
UniProt,GLP1_ortholog,A0A7J7XUQ7,Pipistrellus kuhlii (Kuhl's pipistrelle),HAEGTFTSDLSTYLEDQAVREFIAWLVKGR,30,HAEGTFT,1,0,0,dual,,,,GCG_name,,,,,
UniProt,GLP1_ortholog,A0A091FNV9,Cuculus canorus (Common cuckoo),HADGTFTSDINKVLDDIAAKEFLNWLINTK,30,HADGTFT,1,0,0,dual,,,,GCG_name,,,,,
UniProt,Glucagon_ortholog,V8PBK2,Ophiophagus hannah (King cobra) (Naja hannah),HSEGTFTSDFTEHLDNMKARDFVHWLINA,29,HSEGTFT,0,0,1,mono,,,,GCG_name,,,,,
UniProt,GLP1_ortholog,V8PBK2,Ophiophagus hannah (King cobra) (Naja hannah),HSEGTFTSDFTEHLDNMKARDFVHWLINAK,30,HSEGTFT,1,0,0,dual,,,,GCG_name,,,,,
UniProt,GLP1_ortholog,A0AAD1SQE0,Pelobates cultripes (Western spadefoot toad),HAEGTFTNDMTNFLEEKAAKEFVDWLIKGR,30,HAEGTFT,1,0,0,dual,,,,GCG_name,,,,,
UniProt,GLP1_ortholog,G3PL53,Gasterosteus aculeatus aculeatus (three-spined stickleback),HADGTFTSDVSSYLKEQAIKDFVDKLKSGK,30,HADGTFT,1,0,0,dual,,,,GCG_name,,,,,
UniProt,Glucagon_ortholog,A0A6P8QUS8,Geotrypetes seraphini (Gaboon caecilian) (Caecilia seraphini),HSEGTFTSDLTRHLDRMKAKDFIQWLMNT,29,HSEGTFT,0,0,1,mono,,,,GCG_name,,,,,
UniProt,GLP1_ortholog,A0A6P8QUS8,Geotrypetes seraphini (Gaboon caecilian) (Caecilia seraphini),HSEGTFTSDLTRHLDRMKAKDFIQWLMNTK,30,HSEGTFT,1,0,0,dual,,,,GCG_name,,,,,
UniProt,GLP1_ortholog,A0A8C3A3W7,Cyclopterus lumpus (Lumpsucker),HADGTFTSDVSSYLKDKAIKEFVAKLKSGK,30,HADGTFT,1,0,0,dual,,,,GCG_name,,,,,
UniProt,GLP1_ortholog,A0AAJ7QIM2,Lates calcarifer (Barramundi) (Holocentrus calcarifer),HADGTFTSDVSSYLKNQAIKDFVDRLKSGQ,30,HADGTFT,1,0,0,dual,,,,GCG_name,,,,,
UniProt,GLP1_ortholog,A0A060VXS0,Oncorhynchus mykiss (Rainbow trout) (Salmo gairdneri),HAEGTYTSDMSSYLQDQAAKEFVSWLKNGR,30,HAEGTYT,1,0,0,dual,,,,GCG_name,,,,,
UniProt,GLP1_ortholog,A0A3B4U1B0,Seriola dumerili (Greater amberjack) (Caranx dumerili),HADGTFTSDVSSYLKDQAIKDFVAKLKSGQ,30,HADGTFT,1,0,0,dual,,,,GCG_name,,,,,
UniProt,GLP1_ortholog,A0A3Q3EWD0,Labrus bergylta (ballan wrasse),HADGTFTSDVSSYLKDQAIKDFVASLKSGQ,30,HADGTFT,1,0,0,dual,,,,GCG_name,,,,,
UniProt,Glucagon_ortholog,A0A8T1SDW7,Chelydra serpentina (Snapping turtle) (Testudo serpentina),HSEGTFTSDFTRYLDKMKAKDFVHWLINT,29,HSEGTFT,0,0,1,mono,,,,GCG_name,,,,,
UniProt,GLP1_ortholog,A0A8T1SDW7,Chelydra serpentina (Snapping turtle) (Testudo serpentina),HSEGTFTSDFTRYLDKMKAKDFVHWLINTK,30,HSEGTFT,1,0,0,dual,,,,GCG_name,,,,,
UniProt,GLP1_ortholog,A0AA47NNR3,Merluccius polli (Benguela hake) (Merluccius cadenati),HADGTFTSDFTHYLDKMKAKDFVEWLISNK,30,HADGTFT,1,0,0,dual,,,,GCG_name,,,,,
UniProt,Glucagon_ortholog,A0AAJ7TAN7,Petromyzon marinus (Sea lamprey),HSEGTFTSDYSKYLDTVRAKDFVHWLIGT,29,HSEGTFT,0,0,1,mono,,,,GCG_name,,,,,
UniProt,GLP1_ortholog,A0AAJ7TAN7,Petromyzon marinus (Sea lamprey),HSEGTFTSDYSKYLDTVRAKDFVHWLIGTK,30,HSEGTFT,1,0,0,dual,,,,GCG_name,,,,,
UniProt,GLP1_ortholog,A0AAV6SPD4,Solea senegalensis (Senegalese sole),HADGTFTSDFTHYLDKIKAKDFVDWLARKK,30,HADGTFT,1,0,0,dual,,,,GCG_name,,,,,
UniProt,GLP1_ortholog,A0A6J2WHU2,Chanos chanos (Milkfish) (Mugil chanos),HADGTFTSDVSSYLQDQAAKEFVSWLKTGR,30,HADGTFT,1,0,0,dual,,,,GCG_name,,,,,
UniProt,GLP1_ortholog,A0A2I4DAE6,Austrofundulus limnaeus (Annual killifish),HADGTFTSDVSSYLTDQAIKDFVAKLKSGQ,30,HADGTFT,1,0,0,dual,,,,GCG_name,,,,,
UniProt,Glucagon_ortholog,A0A6P7XKY9,Microcaecilia unicolor,HSEGTFTSDLTKHLDRMKAKDFVQWLMNT,29,HSEGTFT,0,0,1,mono,,,,GCG_name,,,,,
UniProt,GLP1_ortholog,A0A6P7XKY9,Microcaecilia unicolor,HSEGTFTSDLTKHLDRMKAKDFVQWLMNTK,30,HSEGTFT,1,0,0,dual,,,,GCG_name,,,,,
UniProt,GLP1_ortholog,A0A8D0ABA9,Sander lucioperca (Pike-perch) (Perca lucioperca),HADGTFTSDVSSYLKDQAIKDFVNRLKSGQ,30,HADGTFT,1,0,0,dual,,,,GCG_name,,,,,
UniProt,GLP1_ortholog,H2TB61,Takifugu rubripes (Japanese pufferfish) (Fugu rubripes),HADGTFTSDVSSYLKDQAIKDFVARLKAGQ,30,HADGTFT,1,0,0,dual,,,,GCG_name,,,,,
UniProt,Glucagon_ortholog,B8R1V4,Desmognathus ocoee (Ocoee salamander),HSQGTFTSDYSKYLDRKMAYSFIDSLMKM,29,HSQGTFT,0,0,1,mono,,,,GCG_name,,,,,
UniProt,GLP1_ortholog,A0AAV1HNE6,Xyrichtys novacula (Pearly razorfish) (Hemipteronotus novacula),HADGTFTSDVSSYLQDQAIKDFVARLKSGQ,30,HADGTFT,1,0,0,dual,,,,GCG_name,,,,,
UniProt,GLP1_ortholog,A0A665VWL1,Echeneis naucrates (Live sharksucker),HADGTFTSDMSSYLKDVAMKDFVARLKSGQ,30,HADGTFT,1,0,0,dual,,,,GCG_name,,,,,
UniProt,GLP1_ortholog,A0A9Q9V8H7,Cyprinus carpio (Common carp),HAEGTYTSDVSSYLQDRVAQNFVAWPKSGQ,30,HAEGTYT,1,0,0,dual,,,,GCG_name,,,,,
UniProt,GLP1_ortholog,A0A8C5I3U9,Gouania willdenowi (Blunt-snouted clingfish) (Lepadogaster willdenowi),HADGTFTSDVSSYLTDQAIKDFIANLKSGQ,30,HADGTFT,1,0,0,dual,,,,GCG_name,,,,,
UniProt,GIP_ortholog,A0A8C2MUL1,Cricetulus griseus (Chinese hamster) (Cricetulus barabensis griseus),YAEGTFISDYSIALDKIRQQDFVNWLLAQKGKKNDSLPKNPS,42,YAEGTFI,0,1,0,mono,,,,GIP_name,,,,,
UniProt,GIP_ortholog,A0A7E6EGC1,Phyllostomus discolor (pale spear-nosed bat),YAEGTFISDYSIAMDKIRQQDFVNWLLAQKGKRNDWKHSIAQ,42,YAEGTFI,0,1,0,mono,,,,GIP_name,,,,,
UniProt,GIP_ortholog,A0A485MKR4,Lynx pardinus (Iberian lynx) (Felis pardina),YAEGTFISDYSIAMDKIRQQDFVNWLLAQKGKKNDSLPKNPS,42,YAEGTFI,0,1,0,mono,,,,GIP_name,,,,,
UniProt,GIP_ortholog,A0ABM1VMM6,Echinops telfairi (Lesser hedgehog tenrec),YAEGTFISDYSIAMDKIRQQDFVNWLLAQKGKKNDWKHNMTQ,42,YAEGTFI,0,1,0,mono,,,,GIP_name,,,,,
UniProt,GIP_ortholog,G3HJN5,Cricetulus griseus (Chinese hamster) (Cricetulus barabensis griseus),YAEGTFISDYSIALDKIRQQDFVNWLLAQKGKKNESHARFGS,42,YAEGTFI,0,1,0,mono,,,,GIP_name,,,,,
UniProt,GIP_ortholog,A0A7J7EJR5,Diceros bicornis minor (South-central black rhinoceros),YAEGTFISDYSIAMDKIRQQDFVNWLLAQKGKKNGWKHNITQ,42,YAEGTFI,0,1,0,mono,,,,GIP_name,,,,,
UniProt,GIP_ortholog,A0A7J7U7X4,Pipistrellus kuhlii (Kuhl's pipistrelle),YAEGTFISDYSIAMDKIRQQDFVDWLLAHQGKKNDWKHNITQ,42,YAEGTFI,0,1,0,mono,,,,GIP_name,,,,,
UniProt,GIP_ortholog,A0A7J8CY40,Molossus molossus (Pallas' mastiff bat) (Vespertilio molossus),YAEGTFISDYSIAMDKIRQQDFVNWLLAQKGRKNDWKHNISQ,42,YAEGTFI,0,1,0,mono,,,,GIP_name,,,,,
UniProt,GIP_ortholog,A0AA40LGU4,Cnephaeus nilssonii (Northern bat) (Eptesicus nilssonii),YAEGTFISDYSIAMDKIHQQDFVDWLLAQKGKKNDWKHNITQ,42,YAEGTFI,0,1,0,mono,,,,GIP_name,,,,,
UniProt,GIP_ortholog,K7E4A9,Monodelphis domestica (Gray short-tailed opossum),YAEGTFISDYSITMDKIMQQDFVNWLLSQKGKKNSWRHNITE,42,YAEGTFI,0,1,0,mono,,,,GIP_name,,,,,
UniProt,GIP_ortholog,A0AAV7Q7V3,Pleurodeles waltl (Iberian ribbed newt),YAEGTLASDYSRVMDSMLKKNFVEWLLSRREKKSGPRQEPSK,42,YAEGT,0,1,0,mono,,,,GIP_name,,,,,
UniProt,GIP_ortholog,A0ABD2DDX7,Daubentonia madagascariensis (Aye-aye) (Sciurus madagascariensis),YAEGTFISDYSIAMDKIRQQDFVNWLLAQKGKKNEWKHNITQ,42,YAEGTFI,0,1,0,mono,,,,GIP_name,,,,,
UniProt,GIP_ortholog,A0A8C2SH51,Capra hircus (Goat),YAEGTFISDYSIAMDKIRQQDFVNWLLAQKGKKRDWIHNITQ,42,YAEGTFI,0,1,0,mono,,,,GIP_name,,,,,
UniProt,GIP_ortholog,A0A8J6AAM9,Galemys pyrenaicus (Iberian desman) (Pyrenean desman),YAEGTFISDYSIAMDKIRQQDFVNWLLAQKGKKSDWKHNLTQ,42,YAEGTFI,0,1,0,mono,,,,GIP_name,,,,,
Ensembl,Glucagon_ortholog,ENSMLUP00000019102,Myotis lucifugus,HTEGTFTSDLSSYLEQAAKEFIAWLVKGL,29,HTEGTFT,0,0,1,mono,,,,Ensembl ortholog GCG,,,,,
Ensembl,GLP1_ortholog,ENSMLUP00000019102,Myotis lucifugus,HTEGTFTSDLSSYLEQAAKEFIAWLVKGLG,30,HTEGTFT,1,0,0,dual,,,,Ensembl ortholog GCG,,,,,
Ensembl,GLP1_ortholog,ENSMLUP00000021705,Myotis lucifugus,HAEGTFTSDLSSYLEGQAAKEFIAWLVKGL,30,HAEGTFT,1,0,0,dual,,,,Ensembl ortholog GCG,,,,,
Ensembl,GLP1_ortholog,ENSMLUP00000008617,Myotis lucifugus,HAEGTFTSDISSYLEGQAAKEFIAWLVKGP,30,HAEGTFT,1,0,0,dual,,,,Ensembl ortholog GCG,,,,,
Ensembl,GLP1_ortholog,ENSMLUP00000017726,Myotis lucifugus,HAEGTFTSDLSSYLGQAAKEFIAWLVKGLG,30,HAEGTFT,1,0,0,dual,,,,Ensembl ortholog GCG,,,,,
Ensembl,Glucagon_ortholog,ENSMLUP00000019991,Myotis lucifugus,HTEGTFTSNLSSYLEGQAAKEFIAWLVKG,29,HTEGTFT,0,0,1,mono,,,,Ensembl ortholog GCG,,,,,
Ensembl,GLP1_ortholog,ENSMLUP00000019991,Myotis lucifugus,HTEGTFTSNLSSYLEGQAAKEFIAWLVKGL,30,HTEGTFT,1,0,0,dual,,,,Ensembl ortholog GCG,,,,,
Ensembl,Glucagon_ortholog,ENSMLUP00000019310,Myotis lucifugus,HSEGTFTSDFSSYLDYKATKEFIAQLTKG,29,HSEGTFT,0,0,1,mono,,,,Ensembl ortholog GCG,,,,,
Ensembl,GLP1_ortholog,ENSMLUP00000019310,Myotis lucifugus,HSEGTFTSDFSSYLDYKATKEFIAQLTKGL,30,HSEGTFT,1,0,0,dual,,,,Ensembl ortholog GCG,,,,,
Ensembl,Glucagon_ortholog,ENSSARP00000007122,Sorex araneus,HSQGTFTSDYSKYLDSRRAQDFVRWLMNT,29,HSQGTFT,0,0,1,mono,,,,Ensembl ortholog GCG,,,,,
Ensembl,Glucagon_ortholog,ENSEBUP00000025902,Eptatretus burgeri,HSEGTFTSDFSKYLEAKQAKEFVLWLMNN,29,HSEGTFT,0,0,1,mono,,,,Ensembl ortholog GCG,,,,,
Ensembl,GLP1_ortholog,ENSEBUP00000025902,Eptatretus burgeri,HSEGTFTSDFSKYLEAKQAKEFVLWLMNNN,30,HSEGTFT,1,0,0,dual,,,,Ensembl ortholog GCG,,,,,
Ensembl,GLP1_ortholog,ENSCMIP00000014233,Callorhinchus milii,HADGTFTSEINVVLDTMAAKEFLNWIINSK,30,HADGTFT,1,0,0,dual,,,,Ensembl ortholog GCG,,,,,
Ensembl,GLP1_ortholog,ENSCHAP00020033572,Clupea harengus,HADGTFTSDVSTYLQDQAAKEFVSWLKSGQ,30,HADGTFT,1,0,0,dual,,,,Ensembl ortholog GCG,,,,,
Ensembl,GLP1_ortholog,ENSELUP00000023099,Esox lucius,HAEGTYTSDVSAYLQDQAAKDFVSWLKSGR,30,HAEGTYT,1,0,0,dual,,,,Ensembl ortholog GCG,,,,,
Ensembl,GLP1_ortholog,ENSSSAP00000112714,Salmo salar,HAEGTYTSDVSSYLQDQADENRAPLLSHRV,30,HAEGTYT,1,0,0,dual,,,,Ensembl ortholog GCG,,,,,
Ensembl,GLP1_ortholog,ENSPREP00000020328,Poecilia reticulata,HADGTFTSDISSYLKDQAIKDFVAQLKSGQ,30,HADGTFT,1,0,0,dual,,,,Ensembl ortholog GCG,,,,,
Ensembl,GLP1_ortholog,ENSHBUP00000019273,Haplochromis burtoni,HADGTFTSDVSSFLKDQAIKDFVANLKSGQ,30,HADGTFT,1,0,0,dual,,,,Ensembl ortholog GCG,,,,,
Ensembl,GLP1_ortholog,ENSCVAP00000025980,Cyprinodon variegatus,HADGTFTSDVSSYLKDQAIKDFVAKLKSGE,30,HADGTFT,1,0,0,dual,,,,Ensembl ortholog GCG,,,,,
Ensembl,GLP1_ortholog,ENSAPEP00000013217,Amphiprion percula,HADGTFTSDVSSYLTDQAIKDFVARLKSGQ,30,HADGTFT,1,0,0,dual,,,,Ensembl ortholog GCG,,,,,
Ensembl,GLP1_ortholog,ENSOJAP00000040855,Oryzias javanicus,HADGTFTSDVSAYLKEQAIKDFVAKLKAGQ,30,HADGTFT,1,0,0,dual,,,,Ensembl ortholog GCG,,,,,
Ensembl,GLP1_ortholog,ENSCGOP00000037772,Cottoperca gobio,HADGTFTSDVSSYLTDQAIRDFVARLKAGR,30,HADGTFT,1,0,0,dual,,,,Ensembl ortholog GCG,,,,,
Ensembl,GLP1_ortholog,ENSKMAP00000001988,Kryptolebias marmoratus,HAEGTFTSDVSSYLNDQAIKDFVAKLKSGE,30,HAEGTFT,1,0,0,dual,,,,Ensembl ortholog GCG,,,,,
Ensembl,GLP1_ortholog,ENSBSLP00000003703,Betta splendens,HADGTFTSDVSSYLKDQAVKDFVARLKSGQ,30,HADGTFT,1,0,0,dual,,,,Ensembl ortholog GCG,,,,,
Ensembl,GLP1_ortholog,ENSDCDP00010007373,Denticeps clupeoides,HADGTFTSDVSSYLQDQAAKDFISWLKTGA,30,HADGTFT,1,0,0,dual,,,,Ensembl ortholog GCG,,,,,
Ensembl,GLP1_ortholog,ENSCCRP00000075691,Cyprinus carpio carpio,HAEGTYTSDVSSYLQDQAAQNFVAWLKSGQ,30,HAEGTYT,1,0,0,dual,,,,Ensembl ortholog GCG,,,,,
Ensembl,Glucagon_ortholog,ENSPKIP00000013963,Paramormyrops kingsleyae,HSQGTFTNDYSKYLETKRAQDFVQWLMNS,29,HSQGTFT,0,0,1,mono,,,,Ensembl ortholog GCG,,,,,
Ensembl,Glucagon_ortholog,ENSPKIP00000033508,Paramormyrops kingsleyae,HSQGTFTNDYSKYLETRRAQDFIQWLMNS,29,HSQGTFT,0,0,1,mono,,,,Ensembl ortholog GCG,,,,,
Ensembl,GLP1_ortholog,ENSAPOP00000030921,Acanthochromis polyacanthus,HAEGTFTSDVSSYLMDQAIKDFVARLKSGQ,30,HAEGTFT,1,0,0,dual,,,,Ensembl ortholog GCG,,,,,
Ensembl,GLP1_ortholog,ENSNFUP00015014573,Nothobranchius furzeri,HADGTFTSDVSSYLSDQAIKDFVAKLKSGQ,30,HADGTFT,1,0,0,dual,,,,Ensembl ortholog GCG,,,,,
Ensembl,GLP1_ortholog,ENSHCOP00000026017,Hippocampus comes,HADGTFTSDMSAYLQDQAAKEFVSWLKAGR,30,HADGTFT,1,0,0,dual,,,,Ensembl ortholog GCG,,,,,
Ensembl,GLP1_ortholog,ENSMAMP00000014659,Mastacembelus armatus,HAEGTFTSDVSSYLKDQAIKDFVAKLKSGQ,30,HAEGTFT,1,0,0,dual,,,,Ensembl ortholog GCG,,,,,
Ensembl,GLP1_ortholog,ENSCSEP00000007641,Cynoglossus semilaevis,HADGTFTSDMSSYLTDKAIRDFVARLKAGQ,30,HADGTFT,1,0,0,dual,,,,Ensembl ortholog GCG,,,,,
Ensembl,GLP1_ortholog,ENSLCRP00005064812,Larimichthys crocea,HADGTFTSDVSSYLKQQAIKDFVARLKAGQ,30,HADGTFT,1,0,0,dual,,,,Ensembl ortholog GCG,,,,,
NCBI_protein,GLP1_ortholog,AVP32210.1,Ctenopharyngodon idella,HAEGTYTSDISSYLQDQAAQNFVAWLKSGQ,30,HAEGTYT,1,0,0,dual,,,,GCG_ncbi_fish,,,,,
NCBI_protein,GLP1_ortholog,AVN66935.1,Spinibarbichthys denticulatus,HAEGTYTSDVSSCLQDQAAQNFVAWLKSGQ,30,HAEGTYT,1,0,0,dual,,,,GCG_ncbi_fish,,,,,
NCBI_protein,Glucagon_ortholog,AAG16778.1,Ambloplites rupestris,HSQGTFTNDYTNYLEDRQAQDFIRWLMNN,29,HSQGTFT,0,0,1,mono,,,,GCG_ncbi_fish,,,,,
NCBI_protein,GLP1_ortholog,AAG16778.1,Ambloplites rupestris,HADGTFTDDASSDFYDQAIKDFVAKLKSGQ,30,HADGTFT,1,0,0,dual,,,,GCG_ncbi_fish,,,,,
NCBI_protein,GLP1_ortholog,AKC03099.1,Schizothorax prenanti,HAEGTYTSDLSSYLQDQAAQNFVAWLKSGQ,30,HAEGTYT,1,0,0,dual,,,,GCG_ncbi_fish,,,,,
NCBI_protein,GLP1_ortholog,AAS57655.1,Rhinella marina,HAEGTFTSDMTSFLEEKAAKEFVDWLIKGR,30,HAEGTFT,1,0,0,dual,,,,GCG_ncbi_amphibia,,,,,
NCBI_protein,GIP_ortholog,KAN7613664.1,Antrozous pallidus,YAEGTFISDYSIAVDKIRQQDFVDWLLAQKGKKDWKHNVTQR,42,YAEGTFI,0,1,0,mono,,,,GIP_ncbi_all,,,,,
NCBI_protein,GIP_ortholog,KAN7522389.1,Artibeus intermedius,YAEGTFISDYSIAMDKIRQQDFVNWLLAQKGKRNDWKHRVAQ,42,YAEGTFI,0,1,0,mono,,,,GIP_ncbi_all,,,,,
NCBI_protein,GIP_ortholog,XP_082334916.1,Balaenoptera physalus,YAEGTFISDYSIAMDKIRQQDFVNWLLAQKGKKSDWKHNVTQ,42,YAEGTFI,0,1,0,mono,,,,GIP_ncbi_all,,,,,
NCBI_protein,GIP_ortholog,KAN4037194.1,Mops condylurus,YAEGTFISDYSIAMDKIRQQDFVNWLLAQKGGKNDWKHNITQ,42,YAEGTFI,0,1,0,mono,,,,GIP_ncbi_all,,,,,
NCBI_protein,GIP_ortholog,KAN3793781.1,Rhinopoma microphyllum,YAEGTFISDYSIAMDKIRQQDFVNWLLAQKGKKNNWKHNITQ,42,YAEGTFI,0,1,0,mono,,,,GIP_ncbi_all,,,,,
NCBI_protein,GIP_ortholog,KAN3629715.1,Rhinolophus yonghoiseni,YAEGTFISDYSIAMDKIRQQDFVNWLLAQKGKKNAWKHNVTQ,42,YAEGTFI,0,1,0,mono,,,,GIP_ncbi_all,,,,,
NCBI_protein,GIP_ortholog,KAN3432521.1,Aselliscus stoliczkanus,YAEGTFISDYSIAMDKIRQQDFVNWLLAQKGKKNTWKHNITQ,42,YAEGTFI,0,1,0,mono,,,,GIP_ncbi_all,,,,,
NCBI_protein,GIP_ortholog,XP_080537285.1,Plecotus auritus,YAEGTFISDYSIAMDKIRQQDFVDWLLAQKGKKKDWKRNITQ,42,YAEGTFI,0,1,0,mono,,,,GIP_ncbi_all,,,,,
NCBI_protein,GIP_ortholog,KAM8813390.1,Rhynchonycteris naso,YAEGTFISDYSIAMDKIRQQDFVNWLLAQRGKKNDWKHNITQ,42,YAEGTFI,0,1,0,mono,,,,GIP_ncbi_all,,,,,
NCBI_protein,GIP_ortholog,XP_078501663.1,Lissotriton helveticus,YAEGTLASDYSRVMDSMLKKNFVEWLLARREKKSGPRQEPSK,42,YAEGT,0,1,0,mono,,,,GIP_ncbi_all,,,,,
NCBI_protein,GIP_ortholog,KAM5308645.1,Glossophaga mutica,YAEGTFISDYSIAMDKIRQQDFVNWLLAQKGKRNNWRHGIAQ,42,YAEGTFI,0,1,0,mono,,,,GIP_ncbi_all,,,,,
NCBI_protein,GIP_ortholog,KAM5273427.1,Ctenodactylus gundi,YAEGTFISDYSIAMDKIRQQDFVNWLLAQKGKKNDWRHNLTQ,42,YAEGTFI,0,1,0,mono,,,,GIP_ncbi_all,,,,,
NCBI_protein,GIP_ortholog,KAM5214412.1,Hipposideros larvatus,YAEGTFISDYSIAMDKIRQQDFVNWLLAQKEKKKAWKHNITQ,42,YAEGTFI,0,1,0,mono,,,,GIP_ncbi_all,,,,,
NCBI_protein,GIP_ortholog,CAO2623806.1,Lemmus lemmus,YAEGTFVSHYSIAMNKIHQQDLVNGMLVQKREKNDRKHKIIQ,42,YAEGT,0,1,0,mono,,,,GIP_ncbi_all,,,,,
NCBI_protein,GIP_ortholog,XP_075415425.1,Tenrec ecaudatus,YAEGTFISDYSIAMDKIRQQDFVNWLLAQKGRKHDWKHNMTQ,42,YAEGTFI,0,1,0,mono,,,,GIP_ncbi_all,,,,,
NCBI_protein,GIP_ortholog,GAB5580933.1,Prionailurus iriomotensis,YAEGTFISDYSIAMDKIRQQDFVNWLLAQKGRKNDSLPKNPS,42,YAEGTFI,0,1,0,mono,,,,GIP_ncbi_all,,,,,
NCBI_protein,GIP_ortholog,XP_045038063.1,Desmodus rotundus,YAEGTFISDYSIAMDKIRQQDFVNWLLAQRGKRNDWKHSLTQ,42,YAEGTFI,0,1,0,mono,,,,GIP_ncbi_all,,,,,
NCBI_protein,GIP_ortholog,XP_070250403.1,Myotis yumanensis,YAEGTFISDYSIAMDKIRQQDFVDWLLAQKGRKNDWKHNITQ,42,YAEGTFI,0,1,0,mono,,,,GIP_ncbi_all,,,,,
NCBI_protein,GIP_ortholog,XP_050012675.1,Alexandromys fortis,YAEGTLISDYSILMDKIRQHEFVNWLLAQKGKKMDWKHNLTR,42,YAEGT,0,1,0,mono,,,,GIP_ncbi_all,,,,,
NCBI_protein,GIP_ortholog,GAB1296709.1,Apodemus speciosus,YAEGTFISDYSIAMDKIRQQDFVNWLLAQKGKKNEGWKHNIT,42,YAEGTFI,0,1,0,mono,,,,GIP_ncbi_all,,,,,
NCBI_protein,GIP_ortholog,KAL1791566.1,Sigmodon hispidus,YAEGTIISDYRIILDKIRQQEFVNWLLAQKDKKNEWKPNNTQ,42,YAEGT,0,1,0,mono,,,,GIP_ncbi_all,,,,,
NCBI_protein,GIP_ortholog,XP_054441346.1,Pteronotus mesoamericanus,YAEGTFISDYSIAMDKIRQQDFVNWLLAQKGKKNDWKHDVTQ,42,YAEGTFI,0,1,0,mono,,,,GIP_ncbi_all,,,,,
NCBI_protein,GIP_ortholog,XP_059526682.1,Myotis daubentonii,YAEGTFISDYSIAMDKIRQQDFVDWLLAQRGKKNDWKHNITQ,42,YAEGTFI,0,1,0,mono,,,,GIP_ncbi_all,,,,,
NCBI_protein,GIP_ortholog,XP_059126699.1,Peromyscus eremicus,YAEGTFISDYRIALDKIRQQDFVNWLLAQKGKKNDWKHNITQ,42,YAEGTFI,0,1,0,mono,,,,GIP_ncbi_all,,,,,
NCBI_protein,GIP_ortholog,XP_058531847.1,Ochotona princeps,YAEGTFISDYSITLDKIRQQDFVNWLLAQKGRKNNWKQNITQ,42,YAEGTFI,0,1,0,mono,,,,GIP_ncbi_all,,,,,
NCBI_protein,GIP_ortholog,XP_055476312.1,Psammomys obesus,YAEGTFISDYSIAMDKIRQQDFVNWLLAQKGKKNDSWKHNIT,42,YAEGTFI,0,1,0,mono,,,,GIP_ncbi_all,,,,,
NCBI_protein,GIP_ortholog,XP_054565400.1,Eptesicus fuscus,YAEGTFISDYSIAMDMIRQQDFVDWLLAQKGKKNDWKHNITQ,42,YAEGTFI,0,1,0,mono,,,,GIP_ncbi_all,,,,,
NCBI_protein,GIP_ortholog,XP_052612445.1,Peromyscus californicus insignis,YAEGTIISDYRIILDKIRQQEFVNWLLAQKGKKNDWKHNITQ,42,YAEGT,0,1,0,mono,,,,GIP_ncbi_all,,,,,
NCBI_protein,GIP_ortholog,XP_048222095.1,Perognathus longimembris pacificus,YAEGTFISDYSITMDKIRQQDFVNWLLAQKGRKNDWKHNITQ,42,YAEGTFI,0,1,0,mono,,,,GIP_ncbi_all,,,,,
NCBI_protein,GIP_ortholog,XP_043440083.1,Prionailurus bengalensis,YAEGTFISDYSIAMDKIRQQDFVNWLLAQKGRKNDWEHNITQ,42,YAEGTFI,0,1,0,mono,,,,GIP_ncbi_all,,,,,
NCBI_protein,GIP_ortholog,XP_038181290.2,Arvicola amphibius,YAEGTLISDYSILMDKIRQHEFVNWLLAQKGKKVDWKHNITQ,42,YAEGT,0,1,0,mono,,,,GIP_ncbi_all,,,,,
NCBI_protein,GIP_ortholog,XP_037056975.1,Peromyscus leucopus,YAEGTFISDYSIALDKIRQQDFVNWLLAQKGKKNDWKHNLTQ,42,YAEGTFI,0,1,0,mono,,,,GIP_ncbi_all,,,,,
NCBI_protein,GIP_ortholog,XP_036050690.1,Onychomys torridus,YAEGTFISDYSIALEKIRQQEFVNWLLAQKGKKNDWKHNITQ,42,YAEGTFI,0,1,0,mono,,,,GIP_ncbi_all,,,,,
NCBI_protein,GIP_ortholog,XP_010618620.1,Fukomys damarensis,YAEGTFISDYSIAMDKIRQQDFVNWLLAQKGKKNDWRHNITQ,42,YAEGTFI,0,1,0,mono,,,,GIP_ncbi_all,,,,,
NCBI_protein,GIP_ortholog,XP_033039261.1,Trachypithecus francoisi,YAEGTFISDYSIAMDKIHQQDFINWLLAQKGKKNDWKHNITQ,42,YAEGTFI,0,1,0,mono,,,,GIP_ncbi_all,,,,,
NCBI_protein,GIP_ortholog,XP_012581507.1,Condylura cristata,YAEGTFISDYSIAMDKIRQQDFVNWLLAQKGKKSSWKHNLTQ,42,YAEGTFI,0,1,0,mono,,,,GIP_ncbi_all,,,,,
NCBI_protein,GIP_ortholog,EPQ08941.1,Myotis brandtii,YAEGTFISDYSIAMDKIRQQDFVDWLLAQKGKKNEPGAIVAP,42,YAEGTFI,0,1,0,mono,,,,GIP_ncbi_all,,,,,
NCBI_protein,GIP_ortholog,EHB16460.1,Heterocephalus glaber,YAEGTFISDYSIAMDKIRQQDFVNWLLAQKGKKSDWRHNITQ,42,YAEGTFI,0,1,0,mono,,,,GIP_ncbi_all,,,,,
NCBI_protein,GLP1_ortholog,AAB37528.1,"Amphiuma tridactylum=three-toed amphiumae, pancreas, Peptide, 34 aa",HADGTLTSDISSFLEKQATKEFIAWLVSGR,30,HADGTLT,1,0,0,mono,,,,GLP1_ncbi_mature,,,,,
NCBI_protein,Glucagon_ortholog,AAB37527.1,"Amphiuma tridactylum=three-toed amphiumae, pancreas, Peptide, 29 aa",HSQGTFTSDYSKYLDNRRAQDFIQWLMST,29,HSQGTFT,0,0,1,mono,,,,Glucagon_ncbi_mature,,,,,
NCBI_nuc,GLP1_ortholog,XM_080669050,Plecotus auritus,HAEGTFTSDLSSYLEDQAVKEFIAWLVKGR,30,HAEGTFT,1,0,0,dual,,,,GCG_mRNA_mammals,,,,,
NCBI_nuc,GLP1_ortholog,XM_080689389,Muscardinus avellanarius,HAEGTFTSDVSSYLERQAAKKFIDWLVEGR,30,HAEGTFT,1,0,0,dual,,,,GCG_mRNA_mammals,,,,,
NCBI_nuc,Glucagon_ortholog,XM_079781719,Cnephaeus nilssonii,HSQGTFTSDYSKYLDTRRAQDFVDWLMNT,29,HSQGTFT,0,0,1,mono,,,,GCG_mRNA_mammals,,,,,
NCBI_nuc,GLP1_ortholog,XM_079781719,Cnephaeus nilssonii,HAEGTFTSDLSAYLEDKAVKEFIAWLVKGR,30,HAEGTFT,1,0,0,dual,,,,GCG_mRNA_mammals,,,,,
NCBI_nuc,Glucagon_ortholog,XM_077154013,Tamandua tetradactyla,HSQGTFTSDYSKYLDSRRAQAFVQWLMST,29,HSQGTFT,0,0,1,mono,,,,GCG_mRNA_mammals,,,,,
NCBI_nuc,Glucagon_ortholog,XM_073241561,Manis javanica,HSQGTFTSDYTKYLDALRAQEFVQWLMNN,29,HSQGTFT,0,0,1,mono,,,,GCG_mRNA_mammals,,,,,
NCBI_nuc,GLP1_ortholog,XM_054723207,Eptesicus fuscus,HAEGTFTSDLSAYLENEAVREFVAWLVENV,30,HAEGTFT,1,0,0,dual,,,,GCG_mRNA_mammals,,,,,
NCBI_nuc,Glucagon_ortholog,XM_038751651,Tachyglossus aculeatus,HSQGTFTSDYSKLLDTIRAQQFVQWLMNS,29,HSQGTFT,0,0,1,mono,,,,GCG_mRNA_mammals,,,,,
NCBI_nuc,GLP1_ortholog,XM_082199639,Podarcis vaucheri,HADGTFTSDYHKFLDEEAGKEFLKWLLSNK,30,HADGTFT,1,0,0,dual,,,,GCG_mRNA_reptiles,,,,,
NCBI_nuc,GLP1_ortholog,XM_081873838,Podarcis erhardii,HADGTFTSDYHRFLDEEAGKEFLKWLMSNK,30,HADGTFT,1,0,0,dual,,,,GCG_mRNA_reptiles,,,,,
NCBI_nuc,GLP1_ortholog,XM_081882714,Podarcis melisellensis,HADGTFTSDYHKFLDEEAGKEFLKWLMSNK,30,HADGTFT,1,0,0,dual,,,,GCG_mRNA_reptiles,,,,,
NCBI_nuc,GLP1_ortholog,XM_078847949,Lepidochelys kempii,HADGTFTSDINKILDDMAAKEFLKWLLNTK,30,HADGTFT,1,0,0,dual,,,,GCG_mRNA_reptiles,,,,,
NCBI_nuc,GLP1_ortholog,XM_067549880,Emydura macquarii macquarii,HADGTFTSDINKILDDMTAKEFLKWLINTK,30,HADGTFT,1,0,0,dual,,,,GCG_mRNA_reptiles,,,,,
NCBI_nuc,GLP1_ortholog,XM_060777891,Anolis sagrei,HADGTFTSDYNKLLDDMATQEFLKWLISQK,30,HADGTFT,1,0,0,dual,,,,GCG_mRNA_reptiles,,,,,
NCBI_nuc,GLP1_ortholog,XM_066634375,Tiliqua scincoides,HADGTFTSDYNKLLDDMATQEFLKWLINSK,30,HADGTFT,1,0,0,dual,,,,GCG_mRNA_reptiles,,,,,
NCBI_nuc,GLP1_ortholog,XM_065413376,Emys orbicularis,HADGTFTSDINKILDEMATKEFLKWLINTK,30,HADGTFT,1,0,0,dual,,,,GCG_mRNA_reptiles,,,,,
NCBI_nuc,Glucagon_ortholog,XM_063118618,Elgaria multicarinata webbii,HSQGTFTSDYSKYLDARRAQDFVQWLMTS,29,HSQGTFT,0,0,1,mono,,,,GCG_mRNA_reptiles,,,,,
NCBI_nuc,GLP1_ortholog,XM_063118618,Elgaria multicarinata webbii,HADGTFTSDISSFLEGQAAKEFIAWLVNGR,30,HADGTFT,1,0,0,dual,,,,GCG_mRNA_reptiles,,,,,
NCBI_nuc,GLP1_ortholog,XM_061612936,Rhineura floridana,HADGTFTSDISSYLEEQAAKDFIAWLVNGR,30,HADGTFT,1,0,0,dual,,,,GCG_mRNA_reptiles,,,,,
NCBI_nuc,GLP1_ortholog,XM_053408247,Podarcis raffonei,HADGTFTSDYHKFLDEEAGKEFVKWLLSNK,30,HADGTFT,1,0,0,dual,,,,GCG_mRNA_reptiles,,,,,
NCBI_nuc,GLP1_ortholog,XM_044418168,Varanus komodoensis,HADGTFTSEYHKILDEMATQEFLKWLLNQK,30,HADGTFT,1,0,0,dual,,,,GCG_mRNA_reptiles,,,,,
NCBI_nuc,Glucagon_ortholog,XM_038421945,Dermochelys coriacea,HSQGTFTSDYSKYLDTRRAXDFVQWLMST,29,HSQGTFT,0,0,1,mono,,,,GCG_mRNA_reptiles,,,,,
NCBI_nuc,GLP1_ortholog,XM_038421945,Dermochelys coriacea,HADGTFTSDINKILETXAAKEFLKWLLNTK,30,HADGTFT,1,0,0,dual,,,,GCG_mRNA_reptiles,,,,,
NCBI_nuc,GLP1_ortholog,KU977428,Takydromus tachydromoides,HADGTFTSDYHKYLDEEAGKEFLKWLMSNK,30,HADGTFT,1,0,0,dual,,,,GCG_mRNA_reptiles,,,,,
NCBI_nuc,GLP1_ortholog,XM_082260895,Pelophylax lessonae,HAEGTFTSDMSSYLEEKAAKEFVDWLIKGR,30,HAEGTFT,1,0,0,dual,,,,GCG_mRNA_amphibia,,,,,
NCBI_nuc,Glucagon_ortholog,XM_029604898,Rhinatrema bivittatum,HSQGTFTSDYSKYLDIKKAQEFVSWLMKN,29,HSQGTFT,0,0,1,mono,,,,GCG_mRNA_amphibia,,,,,
NCBI_nuc,GLP1_ortholog,XM_029604898,Rhinatrema bivittatum,HAEGTYTSDISSYLEGEAAKKFVEWLVNGE,30,HAEGTYT,1,0,0,dual,,,,GCG_mRNA_amphibia,,,,,
NCBI_nuc,Glucagon_ortholog,XM_078681654,Lissotriton helveticus,HSQGTFTSDYSKYLDNRRAQDFVQWLMST,29,HSQGTFT,0,0,1,mono,,,,GCG_mRNA_amphibia,,,,,
NCBI_nuc,GLP1_ortholog,XM_078681654,Lissotriton helveticus,HADGTLTSDISSYLEKQAAKEFIAWLVNGR,30,HADGTLT,1,0,0,dual,,,,GCG_mRNA_amphibia,,,,,
NCBI_nuc,GLP1_ortholog,XM_077447581,Lithobates pipiens,HAEGTYTNDVTQFLEEKAAKEFIDWLIKGK,30,HAEGTYT,1,0,0,dual,,,,GCG_mRNA_amphibia,,,,,
NCBI_nuc,GLP1_ortholog,XM_077272831,Ranitomeya variabilis,HAEGTYTSDMSSFLEEKAAKEFVDWLIKGR,30,HAEGTYT,1,0,0,dual,,,,GCG_mRNA_amphibia,,,,,
NCBI_nuc,GLP1_ortholog,XM_075318840,Anomaloglossus baeobatrachus,HAEGTFTSDMSSFLEEKAAKEFVDWLIKGR,30,HAEGTFT,1,0,0,dual,,,,GCG_mRNA_amphibia,,,,,
NCBI_nuc,GLP1_ortholog,XM_072119993,Engystomops pustulosus,HAEGTFTSDMTNFLEEKAAKEFVDWLIKGR,30,HAEGTFT,1,0,0,dual,,,,GCG_mRNA_amphibia,,,,,
NCBI_nuc,Glucagon_ortholog,XM_069616323,Ambystoma mexicanum,HSQGTFTSDYSKYLDNRRAQDFVQWLMNT,29,HSQGTFT,0,0,1,mono,,,,GCG_mRNA_amphibia,,,,,
NCBI_nuc,Glucagon_ortholog,XM_069224256,Pleurodeles waltl,HSQGTFTSDYSKYLENRRAQDFVQWLMST,29,HSQGTFT,0,0,1,mono,,,,GCG_mRNA_amphibia,,,,,
NCBI_nuc,GLP1_ortholog,XM_068247063,Hyperolius riggenbachi,HAEGTFTSDMTSYLEEKAVKEFVDWLIKGR,30,HAEGTFT,1,0,0,dual,,,,GCG_mRNA_amphibia,,,,,
NCBI_nuc,GLP1_ortholog,XM_053698374,Bombina bombina,HAEGTFTNDMTSYLEEKAAKEFVDWLIKGR,30,HAEGTFT,1,0,0,dual,,,,GCG_mRNA_amphibia,,,,,
NCBI_nuc,GIP_ortholog,XM_080713013,Muscardinus avellanarius,YAEGTFISDYSIAMDKIRQQDFVNWLLAQKGKKNNDWKHNIT,42,YAEGTFI,0,1,0,mono,,,,GIP_mRNA_mammals,,,,,
RCSB_PDB,Glucagon_pdb,1BH0_A,,HSQGTFTSDYSKYLDSKKAQEFVQWLMNT,29,PDB_Glucagon_like,0,0,1,mono,,,,PDB:1BH0 | target: | STRUCTURE OF A GLUCAGON ANALOG,,,,,
RCSB_PDB,Glucagon_pdb,1NAU_A,,SQGTTSEYSKYLDSRRAQDFVQWLMNTX,28,PDB_Glucagon_like,0,0,1,mono,,,,"PDB:1NAU | target: | NMR Solution Structure of the Glucagon Antagonist [desHis1, ",,,,,
RCSB_PDB,GIP_pdb,1T5Q_A,,YAEGTFISDYSIAMDKIHQQDFVNWLLAQK,30,PDB_GIP_like,0,1,0,mono,,,,PDB:1T5Q | target: | Solution Structure of GIP(1-30)amide in TFE/Water,,,,,
RCSB_PDB,Glucagon_pdb,2M5P_A[auth X],,HAQGTFTSDYSKKLDARRAQDFVQWLMNT,29,PDB_Glucagon_like,0,0,1,mono,,,,PDB:2M5P | target: | Solution structure of lipidated glucagon analog in water,,,,,
RCSB_PDB,Glucagon_pdb,3IOL_B,,HAEGTFTSDVSSYLEGQAAKEFIAWLVKGRG,31,PDB_Glucagon_like,1,0,0,mono,,,,PDB:3IOL | target: | Crystal structure of Glucagon-Like Peptide-1 in complex with,,,,,
RCSB_PDB,GLP1_pdb,4APD_A,,HAEGTFTSDVSSYLEGQAAKEFIAWLVRGR,30,PDB_GLP1_like,1,0,0,mono,,,,PDB:4APD | target: | Liraglutide,,,,,
RCSB_PDB,Glucagon_pdb,"5OTU_B, D",,HXEGXFTSDVSSYLEGQAAKEFIAWLVKGRG,31,PDB_Glucagon_like,1,0,0,mono,,,,PDB:5OTU | target:GLP1R | Extracellular domain of GLP-1 receptor in complex with GLP-1,,,,,
RCSB_PDB,Glucagon_pdb,"5OTV_B, D",,HCEGXFTSDVSSYLEGQAAKEFIAWLVKGRG,31,PDB_Glucagon_like,1,0,0,mono,,,,PDB:5OTV | target:GLP1R | Extracellular domain of GLP-1 receptor in complex with GLP-1,,,,,
RCSB_PDB,Glucagon_pdb,"5OTW_B, D",,HXEGCFTSDVSSYLEGQAAKEFIAWLVKGRG,31,PDB_Glucagon_like,1,0,0,mono,,,,PDB:5OTW | target:GLP1R | Extracellular domain of GLP-1 receptor in complex with GLP-1,,,,,
RCSB_PDB,Glucagon_pdb,"5OTX_B, D",,HCEGCFTSDVSSYLEGQAAKEFIAWLVKGRG,31,PDB_Glucagon_like,1,0,0,mono,,,,PDB:5OTX | target:GLP1R | Extracellular domain of GLP-1 receptor in complex with GLP-1,,,,,
RCSB_PDB,Glucagon_pdb,5YQZ_B[auth P],,SQGTFTSEYSKYLDSRRAQDFVKWLLNT,28,PDB_Glucagon_like,0,0,1,mono,,,,PDB:5YQZ | target:GCGR | Structure of the glucagon receptor in complex with a glucago,,,,,
RCSB_PDB,Glucagon_pdb,6PHO_A,,MSQGTFTSDYSKYLDSRRAQDFVQWLMNT,29,PDB_Glucagon_like,0,0,1,mono,,,,PDB:6PHO | target: | Crystal structure of glucagon analog with selenomethionine s,,,,,
RCSB_PDB,Glucagon_pdb,6PHP_A,,HSQGTYTSDYSKYLDSRRAQDYVQWLMNT,29,PDB_Glucagon_like,0,0,1,mono,,,,PDB:6PHP | target: | Crystal structure of glucagon analog with 4-bromo-phenylalan,,,,,
RCSB_PDB,Glucagon_pdb,6WHC_D[auth E],,HSQGTFTSDYSKYLDEQAAKEFIAWLMNT,29,PDB_Glucagon_like,1,0,1,dual,,,,PDB:6WHC | target:GCGR | CryoEM Structure of the glucagon receptor with a dual-agonis,,,,,
RCSB_PDB,Glucagon_pdb,6WPW_E[auth P],,HSQGTFTSDYSKYLDSRRAEDFVKWLEST,29,PDB_Glucagon_like,0,0,1,mono,,,,PDB:6WPW | target:GCGR | GCGR-Gs signaling complex bound to a designed glucagon deriv,,,,,
RCSB_PDB,GIP_pdb,7FIM_F[auth P],,YAEGTFTSDYSIALDKIAQKAFVQWLIAGGPSSGAPPPS,39,PDB_GIP_like,1,1,0,dual,,,,PDB:7FIM | target: | Cryo-EM structure of the tirzepatide (LY3298176)-bound human,,,,,
RCSB_PDB,Glucagon_pdb,7FIN_B[auth P],,HAQGTFTSDKSKYLDERAAQDFVQWLLDG,29,PDB_Glucagon_like,1,1,1,triple,,,,PDB:7FIN | target:GCGR|GIPR | Cryo-EM structure of the GIPR/GLP-1R/GCGR triagonist peptide,,,,,
RCSB_PDB,GLP1_pdb,7KI1_F[auth P],,HAEGTFTSDVSSYLEGQAAKEFIAWLVKAR,30,PDB_GLP1_analog,1,0,0,mono,,,,PDB:7KI1 | target: | Taspoglutide-bound Glucagon-Like Peptide-1 (GLP-1) Receptor ,,,,,
RCSB_PDB,GLP1_pdb,7LLY_E[auth P],,HSQGTFTSDYSKYLDSRRAQDFVQWLMNTKRNKNNIA,37,PDB_Oxyntomodulin_like,1,0,1,dual,,,,PDB:7LLY | target: | Oxyntomodulin-bound Glucagon-Like Peptide-1 (GLP-1) Receptor,,,,,
RCSB_PDB,GIP_pdb,7RTB_F[auth P],,YAEGTFTSDYSIYLDKQAAAEFVNWLLAGGPSAPPPSK,38,PDB_GIP_like,1,0,0,mono,,,,PDB:7RTB | target: | Peptide-19 bound to the Glucagon-Like Peptide-1 Receptor (GL,,,,,
RCSB_PDB,GIP_pdb,7VBI_C[auth P],,YAEGTFTSDYSIALDKIAQKAFVQWLIAG,29,PDB_GIP_like,1,1,0,dual,,,,PDB:7VBI | target: | Cryo-EM structure of the non-acylated tirzepatide (LY3298176,,,,,
RCSB_PDB,Glucagon_pdb,8JIP_C[auth P],,HSQGTFTSDKSEYLDSERAQDFVAWLEAG,29,PDB_Glucagon_like,1,0,1,dual,,,,PDB:8JIP | target:GCGR | Cryo-EM structure of the GLP-1R/GCGR dual agonist MEDI0382-b,,,,,
RCSB_PDB,Glucagon_pdb,8JIR_B[auth P],,HSQGTFTSDLSKQKESKAAQDFIEWLKAG,29,PDB_Glucagon_like,1,0,1,dual,,,,PDB:8JIR | target:GCGR | Cryo-EM structure of the GLP-1R/GCGR dual agonist SAR425899-,,,,,
RCSB_PDB,Glucagon_pdb,8JIT_B[auth P],,HSQGTFTSDKSEYLDSERARDFVAWLEAG,29,PDB_Glucagon_like,1,0,1,dual,,,,PDB:8JIT | target:GCGR | Cryo-EM structure of the GLP-1R/GCGR dual agonist MEDI0382-b,,,,,
RCSB_PDB,GLP1_pdb,9EBO_E[auth P],,HAEGTFTSDVSXYLEGQAAKEFIAWLVKGR,30,PDB_GLP1_like,1,0,0,mono,,,,PDB:9EBO | target: | Peptide 2 (GLP-1 (ACPC18)) bound to GLP-1R/Gs complex (confo,,,,,
RCSB_PDB,GLP1_pdb,9IVG_A[auth P],,EGTFTSDVSSYLEGQAAKEFIAWLVKGR,28,PDB_GLP1_like,1,0,0,mono,,,,PDB:9IVG | target: | Cryo-EM structure of the GLP-1(9-36)-bound human GLP-1R-Gs c,,,,,
RCSB_PDB,GLP1_pdb,9J1P_E[auth P],,HAEGTFTSDVSSYLEGQAAKCFIAWLINCP,30,PDB_GLP1_like,1,0,0,mono,,,,PDB:9J1P | target: | Cryo-EM structure of the g1:Ox-bound human GLP-1R-Gs complex,,,,,
RCSB_PDB,Glucagon_pdb,9N05_F[auth P],,HAQGTFTSDYSKYLDAKRAQEFIEWLLAG,29,PDB_Glucagon_like,1,0,0,mono,,,,PDB:9N05 | target: | Cryo-EM structure of GLP-1R-Gs complex with SRB103Q,,,,,
RCSB_PDB,GLP1_pdb,9N0E_B[auth P],,HSQGTFTSDYSKYLDSRRAQDFVQWLMNTKRNRNNIA,37,PDB_Oxyntomodulin_like,1,0,1,dual,,,,PDB:9N0E | target:GCGR | Cryo-EM structure of GCGR-Gs complex with oxyntomodulin,,,,,
Peptide Models,Peptide_Models,,,HSQGTFTSDYSKYLDSRRAQDFVQWLEEGE,30,,1,0,1,dual,,,,training_data,3.75,-11.43,563,-9.25,
Peptide Models,Peptide_Models,,,HSQGTFTSDYSKYLDSRRAEDFVQWLENGE,30,,1,0,1,dual,,,,training_data,18.5,-10.73,552,-9.26,
Peptide Models,Peptide_Models,,,HSQGTFTSDYSKYLDSRRAEDFVQWLENT,29,,1,0,1,dual,,,,training_data,3.51,-11.45,252,-9.6,
Peptide Models,Peptide_Models,,,HSQGTFTSDYSKYLDSRRAEDFVQWLVAGGSGSGSG,36,,1,0,1,dual,,,,training_data,50.5,-10.3,6.03,-11.22,
Peptide Models,Peptide_Models,,,HSQGTFTSDYSKYLDSRRAQDFVQWLEAEG,30,,1,0,1,dual,,,,training_data,2.87,-11.54,238,-9.62,
Peptide Models,Peptide_Models,,,HSQGTFTSDYSKYLDSRRAQDFVQWLEAEE,30,,1,0,1,dual,,,,training_data,8.25,-11.08,1610,-8.79,
Peptide Models,Peptide_Models,,,YSQGTFTSDYSKYLEEEAVRLFIEWLLAG,29,,1,0,1,dual,,,,training_data,10.1,-11,1.06,-11.97,
Peptide Models,Peptide_Models,,,YAEGTFTSDYSIALEGQAAKEFIAWLVKGR,30,,1,0,1,dual,,,,training_data,29000,-7.54,58.2,-10.24,
Peptide Models,Peptide_Models,,,YSEGTFTSDYSKLLEEEAVRLFIEWLVKGP,30,,1,0,1,dual,,,,training_data,2370,-8.63,11.3,-10.95,
Peptide Models,Peptide_Models,,,HSQGTFTSDYSKYLDSRAAACFVQWLLNGGPSSGAPPCGG,40,,1,0,1,dual,,,,training_data,6.59,-11.18,2.33,-11.63,
Peptide Models,Peptide_Models,,,HSQGTFTSDYSKYLDSRAAAKFVQWLLNGGPSSGAPPEGG,40,,1,0,1,dual,,,,training_data,4.71,-11.33,1.49,-11.83,
Peptide Models,Peptide_Models,,,HSQGTFTSDYSKYLDSRCAAAFVQWLLNGGPSSGAPPPGCG,41,,1,0,1,dual,,,,training_data,435,-9.36,13.5,-10.87,
Peptide Models,Peptide_Models,,,HSQGTFTSDYSKYLDSRKAAAFVQWLLNGGPSSGAPPPGEG,41,,1,0,1,dual,,,,training_data,29.3,-10.53,9.49,-11.02,
Peptide Models,Peptide_Models,,,YAEGTFISDYSIAEDKIHQQDFVNWLLAQK,30,,1,0,1,dual,,,,training_data,28000,-7.55,28000,-7.55,
Peptide Models,Peptide_Models,,,YAEGTFISDYSIAKDKIHQQDFVNWLLAQK,30,,1,0,1,dual,,,,training_data,24700,-7.61,24700,-7.61,
Peptide Models,Peptide_Models,,,YAEGTFISDYSIARDKIHQQDFVNWLLAQK,30,,1,0,1,dual,,,,training_data,28200,-7.55,28200,-7.55,
Peptide Models,Peptide_Models,,,YAEGTFISDYSIAFDKIHQQDFVNWLLAQK,30,,1,0,1,dual,,,,training_data,25300,-7.6,25300,-7.6,
Peptide Models,Peptide_Models,,,YAEGTFISDYSIAADKIHQQDFVNWLLAQK,30,,1,0,1,dual,,,,training_data,29900,-7.52,29900,-7.52,
Peptide Models,Peptide_Models,,,YAEGTFISDYSIEMDKIHQQDFVNWLLAQK,30,,1,0,1,dual,,,,training_data,23500,-7.63,23500,-7.63,
Peptide Models,Peptide_Models,,,YAEGTFISDYSIKMDKIHQQDFVNWLLAQK,30,,1,0,1,dual,,,,training_data,25100,-7.6,25100,-7.6,
Peptide Models,Peptide_Models,,,YAEGTFISDYSIRMDKIHQQDFVNWLLAQK,30,,1,0,1,dual,,,,training_data,25800,-7.59,25800,-7.59,
Peptide Models,Peptide_Models,,,YAEGTFISDYSIFMDKIHQQDFVNWLLAQK,30,,1,0,1,dual,,,,training_data,1630,-8.79,24000,-7.62,
Peptide Models,Peptide_Models,,,YAEGTFISDYSISMDKIHQQDFVNWLLAQK,30,,1,0,1,dual,,,,training_data,26800,-7.57,26800,-7.57,
Peptide Models,Peptide_Models,,,YSEGTFTSDYSKLKEEEANRLFIEWLLAGGPSSGAPPPS,39,,1,0,1,dual,,,,training_data,15300,-7.82,4.91,-11.31,
Peptide Models,Peptide_Models,,,YSEGTFTSDLSILKEKEANREFVNWLLAGGPSSGAPPPS,39,,1,0,1,dual,,,,training_data,7870,-8.1,7.55,-11.12,
Peptide Models,Peptide_Models,,,YSEGTFTSDYSKLLEEEAVRDFIEWLLAGGPSSGAPPPS,39,,1,0,1,dual,,,,training_data,608,-9.22,1.03,-11.99,
Peptide Models,Peptide_Models,,,YSEGTFTSDYSKLLERQAIDEFVNWLLKGGPSSGAPPPS,39,,1,0,1,dual,,,,training_data,2040,-8.69,1.93,-11.71,
Peptide Models,Peptide_Models,,,LHAEGTFTSDVSSYLEGQAAKEFIAWLVKGRG,32,,1,0,1,dual,,,,training_data,26400,-7.58,8.72,-11.06,
Peptide Models,Peptide_Models,,,HAYSEGTFTSDYSIYLDKEAAAAFVQWLVAGGPSSGAPPPS,41,,1,0,1,dual,,,,training_data,21200,-7.67,206,-9.69,
Peptide Models,Peptide_Models,,,YAEGTFTSDYSEYLDKQAAQEFVNWLLAGGPSSGAPPPS,39,,1,0,1,dual,,,,training_data,20800,-7.68,61.9,-10.21,
Peptide Models,Peptide_Models,,,YAEGTFTSDYSIYLDKQAAQEFVNWLEAGGPSSGAPPPS,39,,1,0,1,dual,,,,training_data,24200,-7.62,332,-9.48,
Peptide Models,Peptide_Models,,,YAEGTFTSDYSIYLDKQAEREFVNWLLAGGPSSGAPPPS,39,,1,0,1,dual,,,,training_data,14500,-7.84,145,-9.84,
Peptide Models,Peptide_Models,,,YAEGTFTSDYSIYLDKQAREEFVNWLLAGGPSSGAPPPS,39,,1,0,1,dual,,,,training_data,21100,-7.68,253,-9.6,
Peptide Models,Peptide_Models,,,YAEGTFTSDYSIYLDRQAAQEFVNWLLAGGPSSGAPPPS,39,,1,0,1,dual,,,,training_data,2830,-8.55,12.2,-10.91,
Peptide Models,Peptide_Models,,,YAEGTFTSDYSIYLDEQAAQEFVNWLLAGGPSSGAPPPS,39,,1,0,1,dual,,,,training_data,22300,-7.65,27.9,-10.55,
Peptide Models,Peptide_Models,,,YAEGTFTSDYSIYLDEIAAQEFVNWLLAGGPSSGAPPPS,39,,1,0,1,dual,,,,training_data,19600,-7.71,17.6,-10.75,
Peptide Models,Peptide_Models,,,YAEGTFTSDYSIYLDIEAAQEFVNWLLAGGPSSGAPPPS,39,,1,0,1,dual,,,,training_data,20100,-7.7,98.7,-10.01,
Peptide Models,Peptide_Models,,,YAEGTFTSDYSIYLDIKAAQEFVNWLLAGGPSSGAPPPS,39,,1,0,1,dual,,,,training_data,2720,-8.57,6.62,-11.18,
Peptide Models,Peptide_Models,,,YAEGTFTSDYSIYEDKQAAQEFVNWLLAGGPSSGAPPPS,39,,1,0,1,dual,,,,training_data,19700,-7.71,913,-9.04,
Peptide Models,Peptide_Models,,,YAEGTFTSDYSIYRDKQAAQEFVNWLLAGGPSSGAPPPS,39,,1,0,1,dual,,,,training_data,21200,-7.67,88.1,-10.05,
Peptide Models,Peptide_Models,,,YAEGTFTSDYSITLDKQAAQEFVNWLLAGGPSSGAPPPS,39,,1,0,1,dual,,,,training_data,12500,-7.9,234,-9.63,
Peptide Models,Peptide_Models,,,YAEGTFTSDYSIYLDKQAAEAFVNWLLAGGPSSGAPPPS,39,,1,0,1,dual,,,,training_data,6850,-8.16,8.3,-11.08,
Peptide Models,Peptide_Models,,,YAEGTFTSDYSIYLDKQAAYEFVNWLLAGGPSSGAPPPS,39,,1,0,1,dual,,,,training_data,738,-9.13,2.9,-11.54,
Peptide Models,Peptide_Models,,,YAEGTFTSDYSIYLDKEAAAAFVQWLVAGGPSSGAPPPS,39,,1,0,1,dual,,,,training_data,20900,-7.68,7.34,-11.13,
Peptide Models,Peptide_Models,,,YAEGTFISDYSIAMDKIHQQDFVNWLLAGGGPSSGAPPPSK,41,,1,0,1,dual,,,,training_data,21200,-7.67,6000,-8.22,
Peptide Models,Peptide_Models,,,AHSQGTFTSDYSKYLDSRAAAAFVQWLMNT,30,,1,0,1,dual,,,,training_data,337,-9.47,414,-9.38,
Peptide Models,Peptide_Models,,,AHSQGTFTSDYSKYLDSRAAAAFVQWLVAGGPSSGAPPPS,40,,1,0,1,dual,,,,training_data,1440,-8.84,51.8,-10.29,
Peptide Models,Peptide_Models,,,HGEGTFTSDLSKQMEEECARLFIEWLKNGGPSSGAPPPGCG,41,,1,0,1,dual,,,,training_data,35700,-7.45,775,-9.11,
Peptide Models,Peptide_Models,,,HGDGSFSDEMNTILDNQAARDFINWLIQTKITD,33,,1,0,1,dual,,,,training_data,26600,-7.58,26600,-7.58,
Peptide Models,Peptide_Models,,,HGDGSFSDEMNTILDGQAARDFINWLIQTKITD,33,,1,0,1,dual,,,,training_data,22400,-7.65,6510,-8.19,
Peptide Models,Peptide_Models,,,HAEGTFTDDVSSYLEGQAAKEFIAWLVKGR,30,,1,0,1,dual,,,,training_data,27900,-7.55,18.3,-10.74,
Peptide Models,Peptide_Models,,,HAEGTFTADVSSYLEGQAAKEFIAWLVKGR,30,,1,0,1,dual,,,,training_data,29200,-7.53,5.98,-11.22,
Peptide Models,Peptide_Models,,,HAEGTFTKDVSSYLEGQAAKEFIAWLVKGR,30,,1,0,1,dual,,,,training_data,27700,-7.56,1100,-8.96,
Peptide Models,Peptide_Models,,,HAEGTFTTDVSSYLEGQAAKEFIAWLVKGR,30,,1,0,1,dual,,,,training_data,28500,-7.55,45.5,-10.34,
Peptide Models,Peptide_Models,,,HAEGTFTSDVLSYLEGQAAKEFIAWLVKGR,30,,1,0,1,dual,,,,training_data,27100,-7.57,40.7,-10.39,
Peptide Models,Peptide_Models,,,HAEGTFTSDVSAYLEGQAAKEFIAWLVKGR,30,,1,0,1,dual,,,,training_data,27200,-7.57,2.32,-11.63,
Peptide Models,Peptide_Models,,,HAEGTFTSDVDSYLEGQAAKEFIAWLVKGR,30,,1,0,1,dual,,,,training_data,97.2,-10.01,71.3,-10.15,
Peptide Models,Peptide_Models,,,HAEGTFTSDVASYLEGQAAKEFIAWLVKGR,30,,1,0,1,dual,,,,training_data,26900,-7.57,1.76,-11.75,
Peptide Models,Peptide_Models,,,YAPGTFISDYSIAMDKIHQQDFVNWLLAQKGKKNDWKHNITQ,42,,1,0,1,dual,,,,training_data,18200,-7.74,18200,-7.74,
Peptide Models,Peptide_Models,,,HSQGTFTSDYSKYLDSRRASEFVQWLISG,29,,1,0,1,dual,,,,training_data,0.83,-12.08,3.19,-11.5,
Peptide Models,Peptide_Models,,,HSQGTFTSDYSKYLDSRRASEFVQWLIAE,29,,1,0,1,dual,,,,training_data,1.59,-11.8,6.85,-11.16,
Peptide Models,Peptide_Models,,,HSQGTFTSDYSKYLDSRRASEFVQWLISE,29,,1,0,1,dual,,,,training_data,1.85,-11.73,6.9,-11.16,
Peptide Models,Peptide_Models,,,HSQGTFTSDYSKYLDRAAASDFVQWLVAGG,30,,1,0,1,dual,,,,training_data,85.1,-10.07,5.51,-11.26,
Peptide Models,Peptide_Models,,,HSQGTFTSDYSKYLDSRSARDFVQWLVAGG,30,,1,0,1,dual,,,,training_data,114,-9.94,2.85,-11.55,
Peptide Models,Peptide_Models,,,HSQGTFTSDYSKYLDSRSASDFVQWLVAGG,30,,1,0,1,dual,,,,training_data,204,-9.69,3.17,-11.5,
Peptide Models,Peptide_Models,,,HSQGTFTSDYSKYLDEAAASDFVQWLVAGG,30,,1,0,1,dual,,,,training_data,395,-9.4,3.89,-11.41,
Peptide Models,Peptide_Models,,,HSQGTFTSDYSKYLDSEAASDFVQWLVAGG,30,,1,0,1,dual,,,,training_data,481,-9.32,5,-11.3,
Peptide Models,Peptide_Models,,,HSQGTFTSDYSKYLDSASASDFVQWLVAGG,30,,1,0,1,dual,,,,training_data,1430,-8.84,19.5,-10.71,
Peptide Models,Peptide_Models,,,HSQGTFTSDYSKYLDSERARDFVQWLVAGG,30,,1,0,1,dual,,,,training_data,12.9,-10.89,3.69,-11.43,
Peptide Models,Peptide_Models,,,HAEGTFTSDVSSYLEGQAAKFIAWLVKGR,29,,1,0,1,dual,,,,training_data,28200,-7.55,1320,-8.88,
Peptide Models,Peptide_Models,,,HAEGTFTSDVSSYLEGAAKEFIAWLVKGR,29,,1,0,1,dual,,,,training_data,35600,-7.45,1900,-8.72,
Peptide Models,Peptide_Models,,,HAEGTFTSDVSSYLEGQAEFIAWLVKGR,28,,1,0,1,dual,,,,training_data,11000,-7.96,11000,-7.96,
Peptide Models,Peptide_Models,,,HAEGTFTSDVSSYLEGQAKEFIAWLVKGR,29,,1,0,1,dual,,,,training_data,16700,-7.78,543,-9.27,
Peptide Models,Peptide_Models,,,HAEGTFTSDVSSYLEGQAAEFIAWLVKGR,29,,1,0,1,dual,,,,training_data,35400,-7.45,300,-9.52,
Peptide Models,Peptide_Models,,,HAEGTFTSDVSSYLEAAKEFIAWLVKGR,28,,1,0,1,dual,,,,training_data,6600,-8.18,2060,-8.69,
Peptide Models,Peptide_Models,,,HAEGTFTSDVSSYLEAAEFIAWLVKGR,27,,1,0,1,dual,,,,training_data,1630,-8.79,328,-9.48,
Peptide Models,Peptide_Models,,,HAEGTFTSDVSSYLEAEFIAWLVKGR,26,,1,0,1,dual,,,,training_data,32600,-7.49,1050,-8.98,
Peptide Models,Peptide_Models,,,HRQGTFTSDYSKYLDSERARDFVQWLVAGG,30,,1,0,1,dual,,,,training_data,27700,-7.56,2750,-8.56,
Peptide Models,Peptide_Models,,,HSIGTFTSDYSKYLDSERARDFVQWLVAGG,30,,1,0,1,dual,,,,training_data,68.1,-10.17,2.91,-11.54,
Peptide Models,Peptide_Models,,,HSMGTFTSDYSKYLDSERARDFVQWLVAGG,30,,1,0,1,dual,,,,training_data,101,-10,4.27,-11.37,
Peptide Models,Peptide_Models,,,HSQGTFTSDYSEYLDSERARDFVQWLVAGG,30,,1,0,1,dual,,,,training_data,700,-9.15,4.18,-11.38,
Peptide Models,Peptide_Models,,,HSQGTFTSDYSKYLESERARDFVQWLVAGG,30,,1,0,1,dual,,,,training_data,57.1,-10.24,3.71,-11.43,
Peptide Models,Peptide_Models,,,HSQGTFTSDYSKYLDSERAREFVQWLVAGG,30,,1,0,1,dual,,,,training_data,3.59,-11.44,3.88,-11.41,
Peptide Models,Peptide_Models,,,HSQGTFTSDYSKYLDSERARDFVEWLVAGG,30,,1,0,1,dual,,,,training_data,6.07,-11.22,3.26,-11.49,
Peptide Models,Peptide_Models,,,HSQGTFTSDYSKYLDSERARDFVAWLVAGG,30,,1,0,1,dual,,,,training_data,5.93,-11.23,2.8,-11.55,
Peptide Models,Peptide_Models,,,HSQGTFTSDYSKYLDSERARDFVQWLISE,29,,1,0,1,dual,,,,training_data,2.86,-11.54,9.01,-11.05,
Peptide Models,Peptide_Models,,,HSQGTFTSDYSKYLDSERARDFVQWLISEGPSSGAPPPS,39,,1,0,1,dual,,,,training_data,14.1,-10.85,10.5,-10.98,
Peptide Models,Peptide_Models,,,HSQGTFTSEYSKYLDSERARDFVQWLVAGG,30,,1,0,1,dual,,,,training_data,874,-9.06,23.2,-10.63,
Peptide Models,Peptide_Models,,,HSQGTFTSDYSKYLDSERASEFVQWLISE,29,,1,0,1,dual,,,,training_data,2.6,-11.59,9.4,-11.03,
Peptide Models,Peptide_Models,,,HSQGTFTSDYSKYLDSIRASEFVQWLISE,29,,1,0,1,dual,,,,training_data,0.92,-12.03,6.42,-11.19,
Peptide Models,Peptide_Models,,,HSQGTFTSDYSEYLDSRRASEFVQWLISE,29,,1,0,1,dual,,,,training_data,21,-10.68,7.16,-11.15,
Peptide Models,Peptide_Models,,,HSQGTFTSDYSRYLDSRRASEFVQWLISE,29,,1,0,1,dual,,,,training_data,0.83,-12.08,4.47,-11.35,
Peptide Models,Peptide_Models,,,HSQGTFTSDYSKYLDSRAASEFVQWLISE,29,,1,0,1,dual,,,,training_data,2.11,-11.68,1.57,-11.8,
Peptide Models,Peptide_Models,,,HSIGTFTSDYSKYLDSRRASEFVQWLISE,29,,1,0,1,dual,,,,training_data,2.77,-11.56,6.28,-11.2,
Peptide Models,Peptide_Models,,,HQGTFTSDYSKYLDSRRASEFVQWLISE,28,,1,0,1,dual,,,,training_data,210,-9.68,17600,-7.75,
Peptide Models,Peptide_Models,,,HEGTFTSDVSSYLEGQAAKEFIAWLVKGR,29,,1,0,1,dual,,,,training_data,25500,-7.59,906,-9.04,
Peptide Models,Peptide_Models,,,HAGTFTSDVSSYLEGQAAKEFIAWLVKGR,29,,1,0,1,dual,,,,training_data,26500,-7.58,1680,-8.77,
Peptide Models,Peptide_Models,,,HAETFTSDVSSYLEGQAAKEFIAWLVKGR,29,,1,0,1,dual,,,,training_data,33400,-7.48,33400,-7.48,
Peptide Models,Peptide_Models,,,HAEGFTSDVSSYLEGQAAKEFIAWLVKGR,29,,1,0,1,dual,,,,training_data,7640,-8.12,6280,-8.2,
Peptide Models,Peptide_Models,,,HAEGTTSDVSSYLEGQAAKEFIAWLVKGR,29,,1,0,1,dual,,,,training_data,29000,-7.54,29000,-7.54,
Peptide Models,Peptide_Models,,,HAEGTFSDVSSYLEGQAAKEFIAWLVKGR,29,,1,0,1,dual,,,,training_data,14000,-7.85,5400,-8.27,
Peptide Models,Peptide_Models,,,HAEGTFTDVSSYLEGQAAKEFIAWLVKGR,29,,1,0,1,dual,,,,training_data,27900,-7.55,27900,-7.55,
Peptide Models,Peptide_Models,,,HAEGTFTSVSSYLEGQAAKEFIAWLVKGR,29,,1,0,1,dual,,,,training_data,32800,-7.48,32800,-7.48,
Peptide Models,Peptide_Models,,,HAEGTFTSDSSYLEGQAAKEFIAWLVKGR,29,,1,0,1,dual,,,,training_data,29700,-7.53,5420,-8.27,
Peptide Models,Peptide_Models,,,HAEGTFTSDVSYLEGQAAKEFIAWLVKGR,29,,1,0,1,dual,,,,training_data,23800,-7.62,1320,-8.88,
Peptide Models,Peptide_Models,,,HAEGTFTSDVSSLEGQAAKEFIAWLVKGR,29,,1,0,1,dual,,,,training_data,35500,-7.45,9920,-8,
Peptide Models,Peptide_Models,,,HAEGTFTSDVSSYEGQAAKEFIAWLVKGR,29,,1,0,1,dual,,,,training_data,36700,-7.44,6020,-8.22,
Peptide Models,Peptide_Models,,,HAEGTFTSDVSSYLGQAAKEFIAWLVKGR,29,,1,0,1,dual,,,,training_data,29100,-7.54,2010,-8.7,
Peptide Models,Peptide_Models,,,HAEGTFTSDVSSYLEQAAKEFIAWLVKGR,29,,1,0,1,dual,,,,training_data,24700,-7.61,2590,-8.59,
Peptide Models,Peptide_Models,,,HAEGTFTSDVSSYLEGQAAKEIAWLVKGR,29,,1,0,1,dual,,,,training_data,29200,-7.53,8920,-8.05,
Peptide Models,Peptide_Models,,,HAEGTFTSDVSSYLEGQAAKEFAWLVKGR,29,,1,0,1,dual,,,,training_data,18500,-7.73,6380,-8.2,
Peptide Models,Peptide_Models,,,HAEGTFTSDVSSYLEGQAAKEFIWLVKGR,29,,1,0,1,dual,,,,training_data,25200,-7.6,315,-9.5,
Peptide Models,Peptide_Models,,,HAEGTFTSDVSSYLEGQAAKEFIALVKGR,29,,1,0,1,dual,,,,training_data,12200,-7.91,196,-9.71,
Peptide Models,Peptide_Models,,,HAEGTFTSDVSSYLEGQAAKEFIAWVKGR,29,,1,0,1,dual,,,,training_data,22100,-7.66,6.84,-11.16,
Peptide Models,Peptide_Models,,,HAEGTFTSDVSSYLEGQAAKEFIAWLKGR,29,,1,0,1,dual,,,,training_data,25000,-7.6,2.12,-11.67,
Peptide Models,Peptide_Models,,,HAEGTFTSDVSSYLEGQAAKEFIAWLVGR,29,,1,0,1,dual,,,,training_data,10200,-7.99,9.53,-11.02,
Peptide Models,Peptide_Models,,,HAEGTFTSDVSSYLEGQAAKEFIAWLVKR,29,,1,0,1,dual,,,,training_data,9280,-8.03,0.96,-12.02,
Peptide Models,Peptide_Models,,,HSQGTFTSDYSKYLEEEAVRLFICWLMNT,29,,1,0,1,dual,,,,training_data,51.6,-10.29,2.61,-11.58,
Peptide Models,Peptide_Models,,,TNMLWQVFDQARRSDLYKSYDSTFTGQSH,29,,1,0,1,dual,,,,training_data,28700,-7.54,28700,-7.54,
Peptide Models,Peptide_Models,,,RGKVLWAIFEKAAQGELYSSVDSTFTGEAH,30,,1,0,1,dual,,,,training_data,26200,-7.58,629,-9.2,
Peptide Models,Peptide_Models,,,HGEGTFTSDVSSYMERQSVDEFIAWLLKGR,30,,1,0,1,dual,,,,training_data,29000,-7.54,9.62,-11.02,
Peptide Models,Peptide_Models,,,HGEGTFTSDVSSYMESQLVDEFIAWLLKGR,30,,1,0,1,dual,,,,training_data,29400,-7.53,7.94,-11.1,
Peptide Models,Peptide_Models,,,HGEGTFTSDVSSYMEPQSTDEFIAWLLKGR,30,,1,0,1,dual,,,,training_data,29500,-7.53,29500,-7.53,
Peptide Models,Peptide_Models,,,HGEGTFTSDVSSYMDFQSLVEFLAWLLKGR,30,,1,0,1,dual,,,,training_data,29200,-7.53,598,-9.22,
Peptide Models,Peptide_Models,,,HGEGTFTSDLSKQMDFESLVLFLEWLDNG,29,,1,0,1,dual,,,,training_data,1110,-8.95,30200,-7.52,
Milestone,GLP-1(7-36),,,HAEGTFTSDVSSYLEGQAAKEFIAWLVKGR,30,,1,0,0,mono,,,,Milestone,,,,,native
Milestone,GIP(1-42),,,YAEGTFISDYSIAMDKIHQQDFVNWLLAQKGKKNDWKHNITQ,42,,0,1,0,mono,,,,Milestone,,,,,native
Milestone,Glucagon(1-29),,,HSQGTFTSDYSKYLDSRRAQDFVQWLMNT,29,,0,0,1,mono,,,,Milestone,,,,,native
Milestone,Exenatide,,,HGEGTFTSDLSKQMEEEAVRLFIEWLKNGGPSSGAPPPS,39,,1,0,0,mono,,,,Milestone,,,,,approved
Milestone,Lixisenatide,,,HGEGTFTSDLSKQMEEEAVRLFIEWLKNGGPSSGAPPSKKKKKK,44,,1,0,0,mono,,,,Milestone,,,,,approved
Milestone,Liraglutide,,,HAEGTFTSDVSSYLEGQAAKEEFIAWLVRGRG,32,,1,0,0,mono,,,,Milestone,,,,,approved
Milestone,Albiglutide,,,HGEGTFTSDVSSYLEGQAAKEFIAWLVKGR,30,,1,0,0,mono,,,,Milestone,,,,,approved
Milestone,Taspoglutide,,,HXEGTFTSDVSSYLEGQAAKEFIAWLVKXR,30,,1,0,0,mono,,,,Milestone,,,,,failed
Milestone,Dulaglutide,,,HGEGTFTSDVSSYLEEQAAKEFIAWLVKGGG,31,,1,0,0,mono,,,,Milestone,,,,,approved
Milestone,Semaglutide,,,HXEGTFTSDVSSYLEGQAAKEFIAWLVRGRG,31,,1,0,0,mono,,,,Milestone,,,,,approved
Milestone,Tirzepatide,,,YXEGTFTSDYSIXLDKIAQKAFVQWLIAGGPSSGAPPPS,39,,1,1,0,dual,,,,Milestone,,,,,approved
Milestone,Retatrutide,,,YXQGTFTSDYSILLDKKAQXAFIEYLLEGGPSSGAPPPS,39,,1,1,1,triple,,,,Milestone,,,,,phase3
Paper,NNC0090-2746,CellMetab2023_Fig2,,YXEGTFTSDYSIYLDKQAAXEFVNWLLAGGPSSGAPPPSK,40,,1,1,0,dual,,,,,,,,,clinical
Patent,US11084861B2_Example1,US11084861B2_SEQID10,,YXEGTFTSDYSILLDEKAQXEFIEYLIEGGPSSGAPPPS,39,,1,1,0,dual,,,,patent-derived GLP-1/GIP dual agonist analog,,,,,patent
Patent,US11084861B2_Example2,US11084861B2_SEQID11,,YXEGTFTSDYSILLDXKAQXEFIEYLIEGGPSSGAPPPS,39,,1,1,0,dual,,,,patent-derived GLP-1/GIP dual agonist analog,,,,,patent
Patent,US11084861B2_Example4,US11084861B2_SEQID13,,YXEGTFTSDXSILLDXKAQXEFIEYLIEGGPSSGAPPPS,39,,1,1,0,dual,,,,patent-derived GLP-1/GIP dual agonist analog,,,,,patent
Patent,US11084861B2_Example5,US11084861B2_SEQID14,,YXEGTFTSDVSILLDXKAQXEFIEYLIEGGPSSGAPPPS,39,,1,1,0,dual,,,,patent-derived GLP-1/GIP dual agonist analog,,,,,patent
Patent,Sanofi_SEQID10,US9751926B2_SEQID10,,YXEGTFTSDLSIQLEKEAVRLFIEWLKAGGPSSGAPPPS,39,,1,1,0,dual,,,,patent-derived GLP-1/GIP dual agonist analog,,,,,patent
Patent,Sanofi_SEQID11,US9751926B2_SEQID11,,YXEGTFTSDLSIQXEKEAVRLFIEWLKAGGPSSGAPPPS,39,,1,1,0,dual,,,,patent-derived GLP-1/GIP dual agonist analog,,,,,patent
Patent,Sanofi_SEQID12,US9751926B2_SEQID12,,YXEGTFTSDLSIQXEKEAVRLFIEWLKAGGPSSGAPPPSK,40,,1,1,0,dual,,,,patent-derived GLP-1/GIP dual agonist analog,,,,,patent
Patent,Sanofi_SEQID15,US9751926B2_SEQID15,,YXEGTFTSDLSIQLEEEAVRLFIEWLKAGGPSSGAPPPS,39,,1,1,0,dual,,,,patent-derived GLP-1/GIP dual agonist analog,,,,,patent
Patent,Sanofi_SEQID16,US9751926B2_SEQID16,,YXEGTFTSDLSIQLEEEAVXLFIEWLKAGGPSSGAPPPS,39,,1,1,0,dual,,,,patent-derived GLP-1/GIP dual agonist analog,,,,,patent
Patent,Sanofi_SEQID17,US9751926B2_SEQID17,,YXEGTFTSDLSIQLEEEAVKLFIEWLKAGGPSSGAPPPS,39,,1,1,0,dual,,,,patent-derived GLP-1/GIP dual agonist analog,,,,,patent
Patent,Zealand_SEQID227,US10093713B2_SEQID227,,YXEGTFTSDYSIALDKKAQKEFVEWLLAAGPSSGAPPPS,39,,1,1,0,dual,,,,patent-derived GLP-1/GIP dual agonist analog,,,,,patent
Patent,Zealand_SEQID228,US10093713B2_SEQID228,,YXEGTFTSDYSIALDKKAQRAFIEWLLAQGPSSGAPPPS,39,,1,1,0,dual,,,,patent-derived GLP-1/GIP dual agonist analog,,,,,patent
Patent,Zealand_SEQID229,US10093713B2_SEQID229,,YXEGTFTSDYSIALDKKAQRAFVEWLLAQGPSSGAPPPS,39,,1,1,0,dual,,,,patent-derived GLP-1/GIP dual agonist analog,,,,,patent
Patent,Zealand_SEQID232,US10093713B2_SEQID232,,YXEGTFTSDYSIYLDKKAQRAFVEWLLAEGPSSGAPPPS,39,,1,1,0,dual,,,,patent-derived GLP-1/GIP dual agonist analog,,,,,patent
Patent,Zealand_SEQID233,US10093713B2_SEQID233,,YXEGTFTSDYSIALDKKAQRAFVEWLLAEGPSSGAPPPS,39,,1,1,0,dual,,,,patent-derived GLP-1/GIP dual agonist analog,,,,,patent
Patent,Zealand_SEQID234,US10093713B2_SEQID234,,YXEGTFTSDYSIALDKKAQRAFVEWLLAEPSSGAPPPS,38,,1,1,0,dual,,,,patent-derived GLP-1/GIP dual agonist analog,,,,,patent
Patent,NovoTriple_Compound6,WO2022090447A1_Compound6,,YXQGTFTSDYSIYLDKQAAXEFVNWLLAGGPSSGAPPPS,39,,1,1,1,triple,,,,GLP-1/GIP/GCGR triple agonist,,,,,patent
Patent,NovoTriple_Compound16,WO2022090447A1_Compound16,,YXQGTFTSDYSIYLEKQAAXEFVQWLLEGGPSSGAPPPS,39,,1,1,1,triple,,,,GLP-1/GIP/GCGR triple agonist,,,,,patent
Patent,NovoTriple_Compound18,WO2022090447A1_Compound18,,YXHGTFTSDYSIYLEKQAAXEFVQWLLEGGPSSGAPPPS,39,,1,1,1,triple,,,,GLP-1/GIP/GCGR triple agonist,,,,,patent
Patent,NovoTriple_Compound47,WO2022090447A1_Compound47,,YXQGTFTSDYSYYLEKQAAXEFVQWLLEGGPSSGAPPPS,39,,1,1,1,triple,,,,GLP-1/GIP/GCGR triple agonist,,,,,patent
Patent,NovoTriple_Compound48,WO2022090447A1_Compound48,,YXQGTFTSDYSYLLEKQAAXEFVQWLLEGGPSSGAPPPS,39,,1,1,1,triple,,,,GLP-1/GIP/GCGR triple agonist,,,,,patent
Patent,NovoTriple_Compound49,WO2022090447A1_Compound49,,HXHGTFTSDYSILLEKQAAEEFVQWLLEGGPSSGAPPPS,39,,1,1,1,triple,,,,GLP-1/GIP/GCGR triple agonist,,,,,patent
Patent,NovoTriple_Compound52,WO2022090447A1_Compound52,,HXHGTFTSDYSILLEKQAAQEFVQWLLEGGPSSGAPPPS,39,,1,1,1,triple,,,,GLP-1/GIP/GCGR triple agonist,,,,,patent
Patent,NovoTriple_Compound55,WO2022090447A1_Compound55,,HXHGTFTSDYSILLEKQAAREFVQWLLEGGPSSGAPPPS,39,,1,1,1,triple,,,,GLP-1/GIP/GCGR triple agonist,,,,,patent
Paper,SAR441255,PMID:34932984,,HXAGTFTSDLSXLKEEQRQXEFIEWLKAGPPSXKPPPK,39,,1,1,1,triple,,,,GLP-1/GIP/GCGR triple agonist,,,,,clinical
