original,reconstructed,identity,orig_len,recon_len,length_diff,exact_match,GLP1R,GIPR,GCGR,condition,pred_GLP1R,pred_GIPR,pred_GCGR,agonist_type,label,source
YAEGTFISDYRIALDKIRQQDFVNWLLAQKGKKNDWKHNITQ,YAEGTFISDYSIAMDKIRQQDFVNWLLAQKGKKNDWKHNITQ,0.9523809523809523,42,42,0,False,0,1,0,010,0,1,0,mono,GIP_ortholog,NCBI_protein
HSQGTFTSDYSKYLDSRAASEFVQWLISE,HSQGTFTSDYSKYLDSRRASDFVQWLESE,0.896551724137931,29,29,0,False,1,0,1,101,1,0,1,dual,Peptide_Models,Peptide Models
AHSQGTFTSDYSKYLDSRAAAAFVQWLVAGGPSSGAPPPS,HHAGTFTSDDSSLYEEEASAAALVQWLE,0.275,40,28,12,False,1,0,1,101,1,0,1,dual,Peptide_Models,Peptide Models
YAEGTFISDYSIAMDKIRQQDFVNWLLAQKGKKNNDWKHNIT,YAEGTFISDYSIAMDKIRQQDFVNWLLAQKGKKNDWKHNITQ,0.8095238095238095,42,42,0,False,0,1,0,010,0,1,0,mono,GIP_ortholog,NCBI_nuc
HSQGTFTNDYSKYLETKRAQDFVQWLMNS,HSQGTFTSDYSKYLDSRRAQDFVQWLMNT,0.8275862068965517,29,29,0,False,0,0,1,001,0,0,1,mono,Glucagon_ortholog,Ensembl
HAEGTFTSDMSSFLEEKAAKEFVDWLIKGR,HAEGTFTSDMTSYLEEKAAKEFVDWLIKGR,0.9333333333333333,30,30,0,False,1,0,0,100,1,0,0,dual,GLP1_ortholog,NCBI_nuc
YAEGTFISDYSIAMDKIRQQDFVNWLLAQKEKKNAWKHNITQ,YAEGTFISDYSIAMDKIRQQDFVNWLLAQKGKKNDWKHNITQ,0.9523809523809523,42,42,0,False,0,1,0,010,0,1,0,mono,GIP_ortholog,UniProt
YAEGTIISDYRIILDKIRQQEFVNWLLAQKGKKNDWKHNITQ,YAEGTFISDYSIAMDKIRQQDFVNWLLAQKGKKNDWKHNITQ,0.8809523809523809,42,42,0,False,0,1,0,010,0,1,0,mono,GIP_ortholog,NCBI_protein
HAEGTFTSDMTSFLEEKAAKEFVDWLIKGR,HAEGTFTSDMTSYLEEKAAKEFVDWLIKGR,0.9666666666666667,30,30,0,False,1,0,0,100,1,0,0,dual,GLP1_ortholog,NCBI_protein
HADGTFTSDINKILDDMATKEFLKWLINTK,HADGTFTSDINKVLDDMAAKEFLKWLINTK,0.9333333333333333,30,30,0,False,1,0,0,100,1,0,0,dual,GLP1_ortholog,UniProt
HSIGTFTSDYSKYLDSERARDFVQWLVAGG,HSQGTFTSDYSKYLDSERARDFVQWLVAGG,0.9666666666666667,30,30,0,False,1,0,1,101,1,0,1,dual,Peptide_Models,Peptide Models
YAEGTFISDYSIAMDKIRQQDFVNWLLAQKGKKSDWKHNLTQ,YAEGTFISDYSIAMDKIRQQDFVNWLLAQKGKKNDWKHNITQ,0.9523809523809523,42,42,0,False,0,1,0,010,0,1,0,mono,GIP_ortholog,UniProt
HADGTFTSDINKVLDDIAAKEFLKWLMNTK,HADGTFTSDINKVLDDMAAKEFLKWLINTK,0.9333333333333333,30,30,0,False,1,0,0,100,1,0,0,dual,GLP1_ortholog,UniProt
HSQGTFTSDYTKYLDNRRAQDFVQWLMST,HSQGTFTSDYSKYLDTRRAQDFVQWLMNT,0.896551724137931,29,29,0,False,0,0,1,001,0,0,1,mono,Glucagon_ortholog,UniProt
HAEGTFTSDVSSYLEGQAAKEFAWLVKGR,HAEGTFTSDVSSYLEGQAAKEIAWLVKGR,0.9655172413793104,29,29,0,False,1,0,1,101,1,0,1,dual,Peptide_Models,Peptide Models
HGEGTFTSDVSSYLEEQAAKEFIAWLVKGGG,HAEGTFTSDVSSYLEGQAAKEFIAWLVKGR,0.8709677419354839,31,30,1,False,1,0,0,100,1,0,0,mono,Dulaglutide,Milestone
HAEGFTSDVSSYLEGQAAKEFIAWLVKGR,HAETFTSDVSSYLEGQAAKEFIAWLVKGR,0.9655172413793104,29,29,0,False,1,0,1,101,1,0,1,dual,Peptide_Models,Peptide Models
YXEGTFTSDLSIQLEEEAVKLFIEWLKAGGPSSGAPPPS,YXEGTFTSDLSIQLEKEAVRLFIEWLKAGGPSSGAPPPS,0.9487179487179487,39,39,0,False,1,1,0,110,1,1,0,dual,Sanofi_SEQID17,Patent
HSQGTFTSDYSKYLDSERARDFVQWLISE,HSQGTFTSDYSKYLDSRRASDFVQWLEAE,0.8620689655172413,29,29,0,False,1,0,1,101,1,0,1,dual,Peptide_Models,Peptide Models
HSQGTFTSDYSKYLDSERARDFVQWLISEGPSSGAPPPS,HSQGTFTSDYSKYLDSRRARDFVQWLVAGGPSSGAPPCGGG,0.8048780487804879,39,41,2,False,1,0,1,101,1,0,1,dual,Peptide_Models,Peptide Models
HSQGTFTSDYSKYLDNRRAQDFVQWLMNT,HSQGTFTSDYSKYLDTRRAQDFVQWLMNT,0.9655172413793104,29,29,0,False,0,0,1,001,0,0,1,mono,Glucagon_ortholog,NCBI_nuc
HAEGTFTSDVSSYLEGQAAKEFIAWLVKR,HAEGTFTSDVSSYLEGQAAKEFIAWLVKGR,0.9333333333333333,29,30,1,False,1,0,1,101,1,0,1,dual,Peptide_Models,Peptide Models
HADGTFTSDINKVLDDIAAKEFLNWLINTK,HADGTFTSDINKVLDDMAAKEFLKWLINTK,0.9333333333333333,30,30,0,False,1,0,0,100,1,0,0,dual,GLP1_ortholog,UniProt
HSQGTFTSDLSKQKESKAAQDFIEWLKAG,HSEGTFTSDYSKYLEFESAREFIAWLVKG,0.5862068965517241,29,29,0,False,1,0,1,101,1,0,1,dual,Glucagon_pdb,RCSB_PDB
HAEGTFTSDVSSYLEGQAAKEFIALVKGR,HAEGTFTSDVSSYLEGQAAKEIAWLVKGR,0.896551724137931,29,29,0,False,1,0,1,101,1,0,1,dual,Peptide_Models,Peptide Models
HSQGTFTSDYSKYLDSRRAQDFVQWLMNTKRNRNNIA,HSQGTFTSDYSKYLDSRRAQDFVQWLMST,0.7567567567567568,37,29,8,False,1,0,1,101,1,0,1,dual,GLP1_pdb,RCSB_PDB
HAQGTFTSDYSKKLDARRAQDFVQWLMNT,HSQGTFTSDYSKYLDTRRAQDFVQWLMNT,0.896551724137931,29,29,0,False,0,0,1,001,0,0,1,mono,Glucagon_pdb,RCSB_PDB
HSQGTFTSDYSKYLDARRAQDFVQWLMTS,HSQGTFTSDYSKYLDTRRAQDFVQWLMNT,0.896551724137931,29,29,0,False,0,0,1,001,0,0,1,mono,Glucagon_ortholog,NCBI_nuc
YSEGTFTSDYSKLKEEEANRLFIEWLLAGGPSSGAPPPS,YSHGTFTSDYSKLLEKQAAREFVEWLLEGGPSSGAPPPS,0.7948717948717948,39,39,0,False,1,0,1,101,1,0,1,dual,Peptide_Models,Peptide Models
YAEGTFISDYSIAMDKIHQQDFVNWLLAQKGKKNNWKHNITQ,YAEGTFISDYSIAMDKIRQQDFVNWLLAQKGKKNDWKHNITQ,0.9523809523809523,42,42,0,False,0,1,0,010,0,1,0,mono,GIP_ortholog,UniProt
HSQGTFTSDYSKYLDSERASEFVQWLISE,HSQGTFTSDYSKYLDSRRASDFVQWLEAE,0.8620689655172413,29,29,0,False,1,0,1,101,1,0,1,dual,Peptide_Models,Peptide Models
YAEGTFTSDYSIYLDKQAAQEFVNWLEAGGPSSGAPPPS,YAEGTFTSDYSIYLDKQAAQEFVNWLLAGGPSSGAPPPS,0.9743589743589743,39,39,0,False,1,0,1,101,1,0,1,dual,Peptide_Models,Peptide Models
HADGTFTSDVSSYLKDQAVKDFVARLKSGQ,HADGTFTSDVSSYLKDQAIKDFVARLKSGQ,0.9666666666666667,30,30,0,False,1,0,0,100,1,0,0,dual,GLP1_ortholog,Ensembl
YXQGTFTSDYSYYLEKQAAXEFVQWLLEGGPSSGAPPPS,YXQGTFTSDYSILLDKQAAXEFVQWLLEGGPSSGAPPPS,0.9230769230769231,39,39,0,False,1,1,1,111,1,1,1,triple,NovoTriple_Compound47,Patent
HADGTFTSDISSYLKDQAIKDFVAQLKSGQ,HADGTFTSDVSSYLKDQAIKDFVARLKSGQ,0.9333333333333333,30,30,0,False,1,0,0,100,1,0,0,dual,GLP1_ortholog,Ensembl
HADGTFTSDVSSYLTDQAIKDFIANLKSGQ,HADGTFTSDVSSYLKDQAIKDFVARLKSGQ,0.9,30,30,0,False,1,0,0,100,1,0,0,dual,GLP1_ortholog,UniProt
HSQGTFTSDYSKYLDSRAAAKFVQWLLNGGPSSGAPPEGG,HSQGTFTSDYSKYLDSERARDFVQWLLAGGPSSGAPPPGGG,0.8292682926829268,40,41,1,False,1,0,1,101,1,0,1,dual,Peptide_Models,Peptide Models
YXHGTFTSDYSIYLEKQAAXEFVQWLLEGGPSSGAPPPS,YXHGTFTSDYSILLDKQAAXEFVQWLLEGGPSSGAPPPS,0.9487179487179487,39,39,0,False,1,1,1,111,1,1,1,triple,NovoTriple_Compound18,Patent
HADGTFTSDFTHYLDKIKAKDFVDWLARKK,HADGTFTSDINKVLDDMAAKEFLKWLINTK,0.5666666666666667,30,30,0,False,1,0,0,100,1,0,0,dual,GLP1_ortholog,UniProt
YAEGTFTSDYSIYRDKQAAQEFVNWLLAGGPSSGAPPPS,YAEGTFTSDYSIYLDKQAAQEFVNWLLAGGPSSGAPPPS,0.9743589743589743,39,39,0,False,1,0,1,101,1,0,1,dual,Peptide_Models,Peptide Models
YXEGTFTSDYSILLDEKAQXEFIEYLIEGGPSSGAPPPS,YXEGTFTSDYSILLDKKAQXAFVEWLLAGGPSSGAPPPS,0.8461538461538461,39,39,0,False,1,1,0,110,1,1,0,dual,US11084861B2_Example1,Patent
YAEGTFISDYSIAMDKIRQQDFVNWLLAQRGKKSDWKHNITQ,YAEGTFISDYSIAMDKIRQQDFVNWLLAQKGKKNDWKHNITQ,0.9523809523809523,42,42,0,False,0,1,0,010,0,1,0,mono,GIP_ortholog,UniProt
HSQGTFTNDYSKYMDTRRAQDFVQWLMST,HSQGTFTSDYSKYLDTRRAQDFVQWLMNT,0.896551724137931,29,29,0,False,0,0,1,001,0,0,1,mono,Glucagon_ortholog,UniProt
HADGTFTSDVSSYLKDQAIKDFVAQLKSGQ,HADGTFTSDVSSYLKDQAIKDFVARLKSGQ,0.9666666666666667,30,30,0,False,1,0,0,100,1,0,0,dual,GLP1_ortholog,UniProt
HADGTFTSDINKILDDMAAKEFLKWLINTK,HADGTFTSDINKVLDDMAAKEFLKWLINTK,0.9666666666666667,30,30,0,False,1,0,0,100,1,0,0,dual,GLP1_ortholog,UniProt
HADGTFTSDINKILETXAAKEFLKWLLNTK,HADGTFTSDINKVLDDMAAKEFLKWLINTK,0.8333333333333334,30,30,0,False,1,0,0,100,1,0,0,dual,GLP1_ortholog,NCBI_nuc
HADGTFTSDISSYLEEQAAKDFIAWLVNGR,HAEGTFTSDMSSYLEDQAAKEFVDWLIKGR,0.7333333333333333,30,30,0,False,1,0,0,100,1,0,0,dual,GLP1_ortholog,NCBI_nuc
HADGTFTSDISSFLEGQAAKEFIAWLVNGR,HAEGTFTSDVSSYLEGQAAKEFIAWLVKGR,0.8666666666666667,30,30,0,False,1,0,0,100,1,0,0,dual,GLP1_ortholog,NCBI_nuc
YAEGTFISDYSIAADKIHQQDFVNWLLAQK,YAEGTFISDYSIAMDKIHQQDFVNWLLAQK,0.9666666666666667,30,30,0,False,1,0,1,101,1,0,1,dual,Peptide_Models,Peptide Models
HAEGTFTSDLSAYLENEAVREFVAWLVENV,HAEGTYTSDVSSYLEGQAAKEFIAWLVKGR,0.6333333333333333,30,30,0,False,1,0,0,100,1,0,0,dual,GLP1_ortholog,NCBI_nuc
HSQGTFTNDYSKYLETRRAQDFVQWLMNS,HSQGTFTSDYSKYLDSRRAQDFVQWLMNT,0.8620689655172413,29,29,0,False,0,0,1,001,0,0,1,mono,Glucagon_ortholog,UniProt
HSQGTFTSDYSKYLDSRRAQDFVHWLMNT,HSQGTFTSDYSKYLDSRRAQDFVQWLMNT,0.9655172413793104,29,29,0,False,0,0,1,001,0,0,1,mono,Glucagon_ortholog,UniProt
YAEGTFISDYSIAMDKIRQQDFVNWLLAQKGGKNDWKHNITQ,YAEGTFISDYSIAMDKIRQQDFVNWLLAQKGKKNDWKHNITQ,0.9761904761904762,42,42,0,False,0,1,0,010,0,1,0,mono,GIP_ortholog,NCBI_protein
YAEGTFISDYSIAMDKIRQQDFVNWLLAQKGKKNDWRHNLTQ,YAEGTFISDYSIAMDKIRQQDFVNWLLAQKGKKNDWKHNITQ,0.9523809523809523,42,42,0,False,0,1,0,010,0,1,0,mono,GIP_ortholog,NCBI_protein
HAYSEGTFTSDYSIYLDKEAAAAFVQWLVAGGPSSGAPPPS,HGAGTFTSDVSSLLEEEAADEFIVWLLEG,0.04878048780487805,41,29,12,False,1,0,1,101,1,0,1,dual,Peptide_Models,Peptide Models
HSQGTFTSDYSKFLDTRRAQDFVQWLMNT,HSQGTFTSDYSKYLDTRRAQDFVQWLMNT,0.9655172413793104,29,29,0,False,0,0,1,001,0,0,1,mono,Glucagon_ortholog,UniProt
YAEGTFISDYSIAMDKIHQQDFVNWLLAQKGKKNDWKHNITH,YAEGTFISDYSIAMDKIRQQDFVNWLLAQKGKKNDWKHNITQ,0.9523809523809523,42,42,0,False,0,1,0,010,0,1,0,mono,GIP_ortholog,UniProt
HSEGTFTSDFTRYLDKMKAKDFVHWLINT,HSEGTFTSDYTKYLDNMKAKDFVHWLMNT,0.8620689655172413,29,29,0,False,0,0,1,001,0,0,1,mono,Glucagon_ortholog,UniProt
HAEGTYTSDISSYLEGEAAKKFVEWLVNGE,HAEGTFTSDMSSYLEGKAAKEFIAWLVKGR,0.7333333333333333,30,30,0,False,1,0,0,100,1,0,0,dual,GLP1_ortholog,NCBI_nuc
HADGTFTSDINKILDEMATKEFLKWLINTK,HADGTFTSDINKVLDDMAAKEFLKWLINTK,0.9,30,30,0,False,1,0,0,100,1,0,0,dual,GLP1_ortholog,NCBI_nuc
HADGTFTSDMSAYLQDQAAKEFVSWLKAGR,HAEGTYTSDMSSYLQDQAAKEFVAWLKSGR,0.8333333333333334,30,30,0,False,1,0,0,100,1,0,0,dual,GLP1_ortholog,Ensembl
HAEGTFTSDVSSYLEGQAAKEFIAWLVGR,HAEGTFTSDVSSYLEGQAAKEFIAWLVGG,0.9655172413793104,29,29,0,False,1,0,1,101,1,0,1,dual,Peptide_Models,Peptide Models
YAEGTFISDYSIAMDKIRQQDFVNWLLAQKGKKNHWKHNITQ,YAEGTFISDYSIAMDKIRQQDFVNWLLAQKGKKNDWKHNITQ,0.9761904761904762,42,42,0,False,0,1,0,010,0,1,0,mono,GIP_ortholog,UniProt
YAEGTFISDYSIAMDKIRQQDFVNWLLAQKGRKNDWEHNITQ,YAEGTFISDYSIAMDKIRQQDFVNWLLAQKGKKNDWKHNITQ,0.9523809523809523,42,42,0,False,0,1,0,010,0,1,0,mono,GIP_ortholog,NCBI_protein
HADGTFTSDYNKLLDDMAAQEFLKWLMNSK,HADGTFTSDYNKLLDDMATQEFLKWLINQK,0.9,30,30,0,False,1,0,0,100,1,0,0,dual,GLP1_ortholog,UniProt
HXEGTFTSDVSSYLEGQAAKEFIAWLVRGRG,HAEGTFTSDVSSYLEGQAAKEFIAWLVKGR,0.9032258064516129,31,30,1,False,1,0,0,100,1,0,0,mono,Semaglutide,Milestone
HAEGTFTTDVSSYLEGQAAKEFIAWLVKGR,HAEGTFTSDVSSYLEGQAAKEFIAWLVKGR,0.9666666666666667,30,30,0,False,1,0,1,101,1,0,1,dual,Peptide_Models,Peptide Models
HADGTFTSEINVVLDTMAAKEFLNWIINSK,HADGTFTSDINKVLDDMAAKEFLKWLINTK,0.8,30,30,0,False,1,0,0,100,1,0,0,dual,GLP1_ortholog,Ensembl
HAEGTFTSDVTQQLDEKAAKEFIDWLINGG,HAEGTFTSDMTNFLEEKAAKEFVDWLIKGR,0.7666666666666667,30,30,0,False,1,0,0,100,1,0,0,dual,GLP1_ortholog,UniProt
YXEGTFTSDYSIALDKKAQRAFIEWLLAQGPSSGAPPPS,YXEGTFTSDYSIALDKKAQXAFVEWLLAGGPSSGAPPPS,0.9230769230769231,39,39,0,False,1,1,0,110,1,1,0,dual,Zealand_SEQID228,Patent
YAEGTFISDYSIAMDKIRQQDFVNWLLAQKGKRNDWKHSIAQ,YAEGTFISDYSIAMDKIRQQDFVNWLLAQKGKKNDWKHNITQ,0.9285714285714286,42,42,0,False,0,1,0,010,0,1,0,mono,GIP_ortholog,UniProt
HAEGTFTSDVSXYLEGQAAKEFIAWLVKGR,HAEGTFTSDVSSYLEGQAAKEFIAWLVKGR,0.9666666666666667,30,30,0,False,1,0,0,100,1,0,0,mono,GLP1_pdb,RCSB_PDB
HSQGTFTSDYSKFLDTRRAQDFLDWLKNT,HSQGTFTSDYSKYLDTRRAQDFVQWLMNT,0.8620689655172413,29,29,0,False,0,0,1,001,0,0,1,mono,Glucagon_ortholog,UniProt
HAEGTFTSDVSSYLEGQAAKEFIAWLVRGR,HAEGTFTSDVSSYLEGQAAKEFIAWLVKGR,0.9666666666666667,30,30,0,False,1,0,0,100,1,0,0,mono,GLP1_pdb,RCSB_PDB
HAEGTYTSDVSSCLQDQAAQNFVAWLKSGQ,HAEGTYTSDVSSYLQDQAAKNFVSWLKSGQ,0.9,30,30,0,False,1,0,0,100,1,0,0,dual,GLP1_ortholog,NCBI_protein
HADGTFTSDINKILDEMTAKDFLKWLINTK,HADGTFTSDINKVLDDMAAKEFLKWLINTK,0.8666666666666667,30,30,0,False,1,0,0,100,1,0,0,dual,GLP1_ortholog,UniProt
HSQGTFTSDYSKFLDTIRAQDFVEWLMTS,HSQGTFTSDYSKYLDTRRAQDFVQWLMNT,0.8275862068965517,29,29,0,False,0,0,1,001,0,0,1,mono,Glucagon_ortholog,UniProt
HADGTFTSDVSSYLTDQAIRDFVARLKAGR,HADGTFTSDVSSYLKDQAIKDFVARLKSGQ,0.8666666666666667,30,30,0,False,1,0,0,100,1,0,0,dual,GLP1_ortholog,Ensembl
YAEGTFISDYSIAMDKIRQQDFVNWLLAQKGKKNDWKHDVTQ,YAEGTFISDYSIAMDKIRQQDFVNWLLAQKGKKNDWKHNITQ,0.9523809523809523,42,42,0,False,0,1,0,010,0,1,0,mono,GIP_ortholog,NCBI_protein
HAEGTFTSDVDSYLEGQAAKEFIAWLVKGR,HAEGTFTSDVSSYLEGQAAKEFIAWLVKGR,0.9666666666666667,30,30,0,False,1,0,1,101,1,0,1,dual,Peptide_Models,Peptide Models
HSQGTFTSDYSKYLDTRRAQDFVEWLMNT,HSQGTFTSDYSKYLDTRRAQDFVQWLMNT,0.9655172413793104,29,29,0,False,0,0,1,001,0,0,1,mono,Glucagon_ortholog,UniProt
HSQGTFTSDYSEYLDSRRASEFVQWLISE,HSQGTFTSDYSKYLDSRRASDFVQWLESE,0.896551724137931,29,29,0,False,1,0,1,101,1,0,1,dual,Peptide_Models,Peptide Models
HGEGTFTSDVSSYMESQLVDEFIAWLLKGR,HAEGTFTSDVSSYLEGQSADEFIAWLVKGR,0.8,30,30,0,False,1,0,1,101,1,0,1,dual,Peptide_Models,Peptide Models
HSQGTYTSDYSKYLDSRRAQDYVQWLMNT,HSQGTFTSDYSKYLDTRRAQDFVQWLMNT,0.896551724137931,29,29,0,False,0,0,1,001,0,0,1,mono,Glucagon_pdb,RCSB_PDB
YXEGTFTSDYSIALDKKAQRAFVEWLLAEGPSSGAPPPS,YXEGTFTSDYSIALDKKAQXAFVEWLLAGGPSSGAPPPS,0.9487179487179487,39,39,0,False,1,1,0,110,1,1,0,dual,Zealand_SEQID233,Patent
YAEGTFISDYSIALDKIRQQDFVNWLLAQKGKKNDWKHNITQ,YAEGTFISDYSIAMDKIRQQDFVNWLLAQKGKKNDWKHNITQ,0.9761904761904762,42,42,0,False,0,1,0,010,0,1,0,mono,GIP_ortholog,UniProt
HAEGTFTSDLSSYLEDQAVKEFIAWLVKGR,HAEGTFTSDVSSYLEGQAAKEFIAWLVKGR,0.9,30,30,0,False,1,0,0,100,1,0,0,dual,GLP1_ortholog,NCBI_nuc
YAEGTFTSDYSIYLDIKAAQEFVNWLLAGGPSSGAPPPS,YAEGTFTSDYSIYLDKQAAQEFVNWLLAGGPSSGAPPPS,0.9487179487179487,39,39,0,False,1,0,1,101,1,0,1,dual,Peptide_Models,Peptide Models
YAEGTFISDYSIAMDKIRQQDFVDWLLAQKGKKNDWKHNITQ,YAEGTFISDYSIAMDKIRQQDFVNWLLAQKGKKNDWKHNITQ,0.9761904761904762,42,42,0,False,0,1,0,010,0,1,0,mono,GIP_ortholog,UniProt
HADGTFTSDYNKLLDDMATQEFLKWLINSK,HADGTFTSDYNKLLDDMATQEFLKWLINQK,0.9666666666666667,30,30,0,False,1,0,0,100,1,0,0,dual,GLP1_ortholog,NCBI_nuc
HADGTFTSDINKVLDDMAAKEFLKWLINAK,HADGTFTSDINKVLDDMAAKEFLKWLINTK,0.9666666666666667,30,30,0,False,1,0,0,100,1,0,0,dual,GLP1_ortholog,UniProt
HAEGTFTSDVSSYEGQAAKEFIAWLVKGR,HAEGTFTSDVSSYLGQAAKEFIAWLVKGR,0.9655172413793104,29,29,0,False,1,0,1,101,1,0,1,dual,Peptide_Models,Peptide Models
YAEGTLISDYSILMDKIRQHEFVNWLLAQKGKKMDWKHNLTR,YAEGTFISDYSIAMDKIRQQDFVNWLLAQKGKKNDWKHNITQ,0.8333333333333334,42,42,0,False,0,1,0,010,0,1,0,mono,GIP_ortholog,NCBI_protein
YAEGTFTSDYSIYLDKQAAYEFVNWLLAGGPSSGAPPPS,YAEGTFTSDYSIYLDKQAAQEFVNWLLAGGPSSGAPPPS,0.9743589743589743,39,39,0,False,1,0,1,101,1,0,1,dual,Peptide_Models,Peptide Models
HADGTFTSDYNKLLDDLATQEFLKWLINQK,HADGTFTSDYNKLLDDMATQEFLKWLINQK,0.9666666666666667,30,30,0,False,1,0,0,100,1,0,0,dual,GLP1_ortholog,UniProt
HSEGTFTSDFSKYLEAKQAKEFVLWLMNN,HSEGTFTSDFSKYLDRKKAKDFVSWLTKN,0.7586206896551724,29,29,0,False,0,0,1,001,0,0,1,mono,Glucagon_ortholog,Ensembl
HADGTFTSDVSSYLQDQAVKDFVARLKSGQ,HADGTFTSDVSSYLQDQAIKDFVARLKSGQ,0.9666666666666667,30,30,0,False,1,0,0,100,1,0,0,dual,GLP1_ortholog,UniProt
